deflector_ra,deflector_dec,deflector_z,deflector_q,deflector_pa,deflector_vdisp,deflector_rband_abs_mag,deflector_Re,deflector_thetaE,deflector_thetaE_autolens,deflector_slope,deflector_einstein_mass,deflector_shear1,deflector_shear2,source_z,source_max_image_multiplicity,source_ra,source_dec,source_relative_x,source_relative_y,source_pa,source_q,source_Re,source_sersic_index,source_mStar,source_SFR_100,source_metallicity,deflector_app_mag_VIS,source_app_mag_VIS,source_app_mag_F106,source_app_mag_F129,source_app_mag_F158,source_app_mag_g,source_app_mag_r,source_app_mag_i,source_app_mag_z,IC_Euclid,IC_CSST,IC_Roman,IC_nofactor_Euclid,IC_nofactor_CSST,IC_nofactor_Roman,origin_batch
5.521573013166677,12.172387729996244,0.4734879622421237,0.9465851314298772,295.919086563417,278.41755827645216,-23.967031668062944,0.7151794211868545,1.492396410009919,1.5033815344516432,2.095352206052913,516092670923.1542,-0.0494144385765645,-0.0287068717409659,2.191364655497851,2,-1.5167096568124996,-1.073275222601008,-0.0611589253800559,-0.0177206464670121,60.45777051877003,0.1669280809780803,0.1639090601940684,1.0619585327394108,10.171751,0.9285972380138816,-0.1908204635363862,18.58518679028902,25.28801157314452,24.91457746436828,24.25573689481818,23.662376533067068,25.59438906629685,25.371767472183137,25.23820155148267,25.109646760610133,1282.653388467663,2111.513736785746,3556.2393724863955,139.84375,230.2118419391491,387.725830078125,R1
5.107673957293142,4.398972081696387,0.6843107475748328,0.6942211824553846,350.7486878075837,266.53978037214915,-23.769548070123065,0.685349715551579,1.099933939818442,1.0873489444761075,1.8540207012830832,416127435019.3098,0.0828005264524611,0.0570445210386626,2.106990779800371,2,-0.6913535391910639,0.0556152021027715,-0.0786275887318943,-0.1918064215559595,131.9052196578,0.5778825396914996,0.3797560782300384,0.2810636404504093,10.03389757929855,1.0514477893261716,-0.032455377,20.20476009430408,24.789481991609485,24.49364292226839,23.799599505587672,23.533969415456724,25.05947619276936,24.868669038134424,24.783515772917244,24.601720608949968,381.3981807604744,0.0,1731.863009310037,133.20312500000003,0.0,604.852294921875,R1
5.367231224469345,13.574311048022643,0.4790424048871628,0.6318251540825217,294.38057541425826,239.6918302246821,-23.16724265384728,0.6801282907751427,0.8198006449042174,0.8428929137993235,1.99218216821889,211466496594.3439,0.0217651880935654,-0.0130827059494253,1.131093279243785,2,0.107933733539341,-1.8025637333390423,-0.0487784421792814,0.0635005470062566,150.4902748815244,0.7276966025686221,0.1512800421592955,1.6322739375750823,8.787112788642101,0.3438758005022461,-0.8406344384912585,19.425132525721,25.117662360236736,24.434760130463253,24.56737154254516,24.39848540988071,25.530863853859582,25.392270983649595,25.04018416125957,24.6145726778588,489.703624777458,712.600168070615,1250.9207037370843,87.89062500000003,127.89546774397174,224.51171875000003,R1
10.787264982275568,8.119285923626439,1.2502447743719338,0.7265406625508027,319.12965990635297,268.45480495164736,-23.72990164407566,0.6367916599167189,0.7349911036096731,0.747362505169067,1.991270511672089,331667689125.57306,0.0361028390226092,-0.0653935229722048,2.6550467989709867,2,1.1850998587464332,-1.8885765793612248,-0.0257320835311603,0.0517978940843377,115.00996119035284,0.2902408105233178,0.1106326592735007,0.8575358044708361,8.744018504471747,0.8921460751617721,-1.0581642,23.526033511382337,25.190423403322068,25.09133625877706,24.98913964639581,24.636042590871423,25.417054073208323,25.25380677928329,25.14135445187563,25.123164261488515,609.5649240939658,1284.2928776288925,1107.5576969028753,90.234375,190.11488448428227,163.95263671875,R1
12.851097373436266,5.840771133021137,0.6834759711691486,0.7868739818289129,210.7019255884849,290.357756196743,-24.032232908167565,1.052951009241012,1.383500976083705,1.283162669241881,1.5975847007067063,620820858495.4196,-0.0222739728009062,0.0215261855605781,2.413450940520735,2,1.198525645969431,1.5777273415904651,0.0215478205942254,-0.1125795299383725,97.83737111147444,0.478379191177275,0.1662006925966071,2.3740844801914345,9.175927113080878,0.6592261180852351,-0.46117678,19.93689675381692,25.164932740088528,24.858377942433272,24.37012348370047,24.03426680585468,25.32237727668799,25.184428078561822,25.18006171758252,25.08957298050596,1393.3200839710166,2134.9725942330656,4629.88652902869,180.46875000000009,276.5307410680469,599.6826171875001,R1
11.337645912138282,9.177994982556845,0.4821710834271502,0.9289425115650594,228.0093058763293,258.9857389809878,-23.55803713994777,0.6175448667292048,1.2803304254855246,1.2934484512074698,2.1843359152692754,386937970939.49664,0.1376201146972766,-0.0043245223292093,2.186515557965293,2,1.398145626681382,-0.0703337210582647,0.0052229078542076,0.1363455273389324,3.690492059600139,0.934498521750602,0.2751726893202942,1.290105113250098,9.39112561090978,0.9143684050377366,-0.1412401772033366,19.057133116889347,25.15615886560053,24.89857546054672,24.404271836032656,24.228272245959367,25.37251879290464,25.222783908494748,25.168299777222632,24.97218297924476,387.4237913206425,402.9479105832012,1676.7038385776293,82.42187500000001,85.72452973109455,356.707763671875,R1
19.31822861670774,1.556874589613214,0.8132378851918273,0.8928591581050251,267.6098789371927,232.5206702038308,-23.01420552278669,0.2961645466425513,0.8689720553289909,0.8445384250488837,1.6237958472222869,266641693431.10147,-0.0424585518981565,0.0157232319811593,3.0517529649227564,2,1.5461461650467792,-0.0101610279077467,-0.063666159486786,-0.0116783150174833,85.78334147777065,0.6222681582013133,0.2473847930027524,0.4210896193001548,9.359587884309498,0.9818399,-0.7931145409661902,21.726041384334096,25.92972453170826,25.722511604707623,25.555784280723305,25.172055312189325,26.6107777954843,25.9371043423112,25.89611053820248,25.85271857200973,273.3759530951249,0.0,1225.3160287890178,80.07812500000001,0.0,358.92333984375006,R1
0.9280910671342602,12.731001533039125,1.13139225528522,0.9939576042356006,236.1369590837161,264.30594564896955,-23.63530167801864,0.301005546450286,1.005303282755461,1.011021284877481,1.873867735613388,433275449782.6018,-0.0658412026653569,0.044412395893831,4.094915311861606,2,-1.6393936184563678,1.0620057666367282,-0.0454307659955688,0.0345684922782751,156.3513410249778,0.8086878349183346,0.1492311397839378,0.55280172792091,8.904554746109243,0.6611465349765959,-0.5757477419345303,22.992185919700937,26.18487978247733,26.047757684793964,26.04137103145603,25.96931098340924,28.322758064357004,26.50534710923333,25.886943487489493,25.98932048895073,661.6082105535417,117.0912056070882,1501.0236276933474,97.65625,17.283171316752934,221.5576171875,R2
2.376438325051382,10.267201694093956,0.2547260508498163,0.821383163269447,134.21644292628844,198.07457523961816,-22.35961835349621,0.7132981931803662,0.9531887370100992,0.8440334854367236,1.4584050776272175,111728273768.96262,0.0490193788534929,-0.0393554148056,3.219614920780565,2,-1.2698199520415507,-0.2449203415972717,0.0001467724477954,0.0938419311349192,145.538267548554,0.3068777929488637,0.287351458301177,1.3866074459020563,9.661841684414153,1.2108934,-0.6027039752381174,18.27644993257221,25.554736906982303,25.244789911642595,25.00928212116446,24.457705120372967,26.44111980819406,25.61145645261899,25.47658698799257,25.32522427511984,352.2448736984278,209.15435995327,1397.0037427766836,119.92187500000006,71.20666582502209,475.61035156250006,R2
10.39017889210545,2.6283338426523493,0.4611966631304773,0.503984714566402,243.30249211745465,220.42483254925173,-22.851843988213208,0.5100573375068357,0.8728526415367847,0.7595650440725594,1.6729919429937516,186455018237.73685,0.0040816881038847,-0.0551717292757882,1.683372522959461,2,-0.127897806888345,-0.709851559570725,-0.0983094848863608,-0.073015980471025,139.9435992245318,0.8059515282903031,0.2083727628507483,1.102140762103573,9.580984653533786,1.0076365,0.0319864497071929,19.610177604061377,24.8557383787089,23.80505010007335,23.382510507817937,23.301068195460445,25.351711984837245,25.04459551866578,24.738972263652386,24.376260468374923,410.08750994662967,534.248494266618,1461.804452366721,112.50000000000004,146.5612927660649,401.019287109375,R2
9.581402750162306,2.032757791039666,1.1223888131697533,0.5889999763092185,39.87652245487297,285.985684213675,-23.978697233389468,0.4483428498828807,1.0300373736233663,0.989822315948747,1.7925913214381832,519024381844.16486,-0.010067174870983,0.029429921210134,3.040642555322403,2,-0.063946406460858,1.484078969655818,0.0480930780883515,-0.1757479517109139,91.05920725237598,0.1239125077234208,0.1353667566500919,0.8932423507527142,9.455399358414995,1.1474615,-0.1199114223882378,22.598922735630737,24.73698480195173,24.55708629392687,24.43138384436227,23.9811488297444,25.35476220488126,24.76023708397897,24.70050184256155,24.58101440809121,719.7899738269203,1248.606515664761,1587.6617391442744,98.4375,170.757732609519,217.12646484375,R2
12.542042276509552,14.17661867734427,0.2249950569581825,0.4194887987271568,294.2883840324763,287.50520257067944,-23.956680410628767,1.0078171440278458,1.096596600057696,1.0226050117501737,1.7562912955558525,246899116793.8535,0.0532731645420616,0.0973003338335997,0.4412334093274793,2,0.7469196747770184,-0.3204032909735951,0.29623923798896,-0.1873173375784409,165.51037801013814,0.3623593584680581,0.0636587604849962,1.5953688226225728,10.283791,-4.0,-0.6283209606244655,16.33629460251899,21.791955175463723,20.937913922368747,20.707731584124105,20.533755206017776,23.672908045255404,22.320359464502065,21.50124132656611,21.16692500983251,1826.0083637260943,3831.3538172059248,4484.4271123337685,113.67187500000004,238.50776417119053,279.16259765625006,R2
4.64103426300211,5.845848881151534,1.6838317380890526,0.7724778003705758,0.8543010189139943,305.861008383758,-24.29436682632793,0.8405858715598924,0.6808152184380675,0.6306423322557679,1.609270579236726,404584363700.5433,-0.0070668311845615,-0.014751929681026,2.921383863889091,2,1.7363338750373851,1.2161588817187037,-0.1028152899977818,-0.0960457243001755,12.000961432552808,0.5364667009359493,0.1072183274847328,1.2721204824511267,9.405332530207987,1.107676579731517,-0.4480219866356063,24.91994627137596,25.36354471442193,25.08355458794075,24.81475058384086,24.37010625379376,25.788037052045617,25.41736089766593,25.29548720401213,25.20159434906917,537.6380329282975,959.6426039411656,1355.2958746734166,91.40625000000004,163.15313723014768,230.41992187500003,R2
12.08757501596877,3.702228180699043,0.1568769062372339,0.7473773726019013,131.10893925236496,329.1269080611919,-24.79885762159408,1.691377187740535,1.8447270808596832,1.8905432954680723,2.06437225250072,408882032391.85565,-0.0049682446712401,0.0607886249652159,0.4092215103110745,2,-0.7205399317754442,-0.5435014838813599,-0.2456182065223799,-0.2629698093009835,128.60838136525624,0.892999323917719,0.2052694496077401,4.386001055411378,8.327995607022583,-1.359520262557113,-0.7452603107625736,14.558350153658887,24.73277545349259,24.38348647403854,24.38768753172389,24.20491828350741,25.87034800920745,24.9525959289346,24.57549780173924,24.60175832357086,823.868364486717,1197.0260044665276,2360.2457027636315,89.45312500000003,129.96944830198206,256.268310546875,R3
15.88709056366356,15.95759388988919,0.1254901351659419,0.452011791403948,324.465612096067,241.5698437192449,-23.24886748577885,1.954892682433738,1.256592685495165,1.4011931729689249,2.069976768391233,124340954594.91756,0.0067863965374768,0.0148835776626589,0.5547878741995158,2,-0.1957298209821258,1.510930909669156,-0.0240778922106388,-0.1129020603167774,33.73264121087418,0.8113680751719573,0.6154222782223638,1.495819344489675,10.03564822542172,-0.2258362341211685,0.0531788129045067,15.552172049111396,22.42747377174345,21.68453186360297,21.60168593317458,21.336533784280363,23.782565315716703,23.029303804398907,22.220413340239425,21.88251012888662,969.4185631391972,1630.6771310510003,2843.373016377211,425.7812500000001,716.2146193662415,1248.8464355468752,R3
3.2329034185200367,6.64531573781656,0.5955132921036127,0.7485307521883957,297.02136382515914,235.79052787985336,-23.149332067581287,0.561917288041788,1.1137476175070131,1.1681963885608644,2.31777675225432,310369694685.7143,0.0373721485690959,-0.0637998594921391,4.074952112617532,2,0.1583842276089104,0.6154798711860234,-0.0231595726182698,0.0529245505052955,82.35425263096822,0.7724023605374726,0.0985638330685496,0.8112773607199766,9.560314000000002,0.5551912570646907,-0.9205395143244844,20.256643574179165,26.13485702447493,26.006307218839662,25.97837757402991,25.85313502383705,27.821722022253805,26.18119538415511,25.99661517511737,26.03381836923573,861.1350250283474,1081.572489471232,1785.6398654065629,72.65625,91.25514455245548,150.6591796875,R3
16.08096511797885,9.012645029175133,0.8813689918321959,0.7905164008967426,303.495145897631,311.56473877072926,-24.601405206449137,0.5664077042325918,1.3112626312998212,1.2910844335138751,1.819329129851173,740778924355.0391,0.0134061250712749,-0.0029383584986134,2.368576167514307,2,0.3659691474086065,1.360017585426348,0.0543719776276541,0.0186261306954094,152.53895898613453,0.7050371947111581,0.3861449320528926,3.110709896085469,10.287074,1.5686860251753318,0.1089453480765977,20.53911847954603,25.20470885889823,24.67322132855353,24.18332987563704,23.661652550671388,25.80740707752908,25.36843949711308,25.0740533318844,24.848107911863067,334.352292712993,307.4251352117339,1802.5719003502604,100.0,91.9464714051256,539.12353515625,R3
11.815605476753042,1.8502064083873773,0.8341325106410321,0.9139310889001716,183.29341745281167,336.95249533977585,-24.94007901929321,0.6619547265725839,1.9595071050441533,1.96254143062466,1.905669441041876,1273096047809.1577,0.033022502740285,-0.0157004198775804,4.052343631846743,2,1.0056918684073193,-1.851076312921168,0.0889777026050531,0.0597421550693866,177.46846548263366,0.1133170648119325,0.193686311353988,1.021285007443793,9.421565378022205,1.388927703591571,-0.3859175229309676,19.922265541928148,26.171986125679112,25.95819778394608,25.79234472735316,25.68760068359876,27.719024569276204,26.146496037027912,26.15146351488555,25.963844356066264,858.8942078165512,35.02461224502326,3090.547252823769,84.76562500000001,3.456634263350587,305.010986328125,R3
8.454412170884538,13.99270251318579,0.3468901355715616,0.8393062047934704,37.386868259149054,205.86885985357088,-22.450848057741386,0.4132865961958703,0.6571965896777342,0.6370188479563453,1.6978919205436016,103040340310.25006,0.0338024645225866,-0.077638185255674,0.8635496709004875,2,-1.2397693401962242,1.1313615405395148,-0.0227325027106317,0.0205784331710923,173.15158199158356,0.543731791688026,0.1977949104071611,0.5674097572728898,7.8916846,-1.2727311,-1.0536069361653622,19.07969939781163,26.008175537618573,25.750363987766303,25.6543544993697,25.8727748535246,26.43288925350333,26.08211823932455,25.99854693172963,25.69097957580104,232.73887629152367,0.0,632.6801919188326,72.26562500000003,0.0,196.44775390625,R4
12.205754190600446,10.004212058466846,0.5279155543677528,0.5569999200185711,154.50128597436463,256.6190693512833,-23.505981657573045,0.6999734453935471,1.246194329609057,1.3151807570407603,2.0329970783286693,387873628580.0648,0.0290435111157537,0.0435182600199807,2.4633799090139905,2,-0.349924736611966,-0.1589753989098971,0.0120876847435447,-0.0485657672638528,70.92563940944515,0.4844759901193476,0.2194670971928467,1.6027616108532785,9.310737,0.7144032498901198,-0.5121331470553983,19.43777754334724,25.00448283763537,24.94143894407592,24.6635242502278,24.375752237370666,25.07535053602544,25.01303259182468,25.00712940360125,25.022576142636964,498.6038924527393,567.5707682696269,1783.554988825772,83.20312500000001,94.71177881580608,297.625732421875,R4
2.4836373973285064,5.187706512014147,1.2108517566860852,0.7804637474843489,169.71481040920466,446.2347148650406,-27.14012077045274,0.901377631891638,2.368847854376444,2.363252708728701,1.8973379525842315,2941157763349.54,-0.0080688941655206,-0.0234529911479778,3.114907356420838,2,-0.0137344176256269,1.1546666607619371,0.0001971583112769,0.0263003059666644,170.17906777892418,0.7347883653108898,0.1763434080966179,0.5796941555395099,8.535005554115994,0.4271719,-0.422670352193247,19.90362727320056,25.3203929437564,25.3617337133415,25.17328737853513,24.78079864419931,25.31439035584937,25.34596778729656,25.35941889311036,25.44147208905659,3460.2894496863723,4595.322938989714,8303.827643785711,258.20312500000006,342.8981189243782,619.622802734375,R4
7.99883540977544,4.087922075721648,0.3240447943627169,0.7139891030513046,159.61540591371718,216.35952041602235,-22.78909145516108,0.698970836506115,0.9303026705593608,0.9854129001043742,2.3236047595158293,154021770374.5709,0.0658791432448079,0.0196456311487796,1.382968824583421,2,-0.4765589332154912,1.4432443809043063,-0.0395787491502597,-0.0548969283207689,117.25539913069544,0.4325710114873001,0.1286230852334175,1.9160368181631395,9.106296245672754,0.2848654288038692,-0.1074184094955559,18.53706149283052,24.985253171724388,24.620056866749064,24.410481716746347,24.42292972576744,24.97313325775997,25.08363355941778,24.98585818418612,24.800814581957184,709.2636479440739,1271.1417660182751,1510.6922912796144,92.578125,165.91844464082814,197.186279296875,R4
14.093713600206176,13.399993907656423,0.1408463475872481,0.6864561969800331,352.1777518531157,216.45358826449365,-22.73301363585717,1.2453370720047556,1.0629440436881954,0.9987611088538808,1.7096237269081542,93146706392.22598,-0.1024009313550806,0.0529051840310168,0.7844150520688362,2,0.376418812149929,-0.2180356895791109,-0.0697335739550331,-0.0168199434491422,113.74532301071314,0.4474702962589885,0.2228642241786437,0.8739145922164122,8.870332814880665,-0.9214984244023144,-1.0428172544634242,16.35424152494111,24.61105017775413,24.050046050904,23.9367718265395,23.95595364209293,25.29219356425016,24.935605890103297,24.463987812745025,24.1271916030664,729.9907459193337,1068.8672885556173,1975.882101055714,162.89062500000006,238.50776417119053,440.89965820312506,R4
4.681286730539447,5.965931359597233,0.5016326185431348,0.461754283169308,319.40005395722505,207.1135948917457,-22.46155926967593,0.5786671024723962,0.7495584900598028,0.8257350295613233,2.050671073553738,147983507492.6706,0.0426588521985717,0.0808756223642119,1.7673348943467446,2,0.89668492527209,0.5680504736768969,-0.1289966814566057,0.1599337992537641,7.621584330699234,0.2472030288956496,0.1164593757798392,2.428660103029644,8.566355966284675,1.0281343,-0.3615192816383266,20.29439320763487,24.094603576467986,24.074667624543544,23.66933014769529,23.643786472303468,24.282413818826136,24.20265812597427,23.99592973625672,24.101473823945057,537.3138254427834,980.3466578856912,1110.1139054653895,75.78125000000001,138.26537053402348,156.5673828125,R4
9.437464043608877,2.2849708512081897,1.1738029866419102,0.846675208459299,332.809762134047,321.5620276696043,-24.58921806450079,0.6705098162802311,1.219185605485679,1.196932236867266,1.7647035413115852,782475254883.209,-0.1053066977536867,-0.0499436370338794,2.92883460158094,2,-0.0549981842331966,-1.9375886053243505,0.0071626113808065,0.1307109188318556,139.95287971482924,0.5484142971937097,0.3634539737664958,0.6975706262087478,9.107649872108912,1.365240907968568,-0.3496467627368133,22.258853866897784,24.432529279214407,24.220338562141748,24.05972357299247,23.72546538393666,24.82954958938344,24.48750683384329,24.375125572781748,24.29254246573467,800.1484380885641,580.5555070355043,2271.603084358445,242.96875000000009,176.28834743087995,689.7827148437501,R5
7.087694301817451,8.529695160832352,0.904756397689375,0.903853388303941,99.29598390608132,281.60278682167063,-23.86434949828523,0.4746870561867622,1.309519969052362,1.3137692962990315,1.945245725546145,608913733452.8899,0.1148541139996543,0.0061460514286159,4.049710573323502,2,-0.398761091060731,0.9346322739010936,0.0706298462971766,0.1376625877335779,135.64011948196455,0.1807715764053863,0.2038167899856132,0.780719056933206,9.486090095830336,0.8959442475098522,-0.67336637,21.416753512550287,24.762448432150467,25.11664655248228,25.20211421386547,25.083966645690072,26.46124280375009,24.81296520031635,24.872639635726703,24.969375068584966,924.0708050838862,1310.116472180193,1599.4985801894784,143.35937500000003,203.2500946850145,248.14453125,R5
18.97092321001288,0.5762908399813931,0.6126661484863737,0.4638557478057387,46.75520662165349,265.1289821755503,-23.627357869201617,0.5436725017951098,1.1080961600234855,1.1331212956608867,1.883503130506313,395533933071.7476,0.08686923335959,0.0977489333845458,1.859291,2,-0.3422657620075715,1.1023487857150605,-0.0900447864177644,0.079486531258599,11.00957623554718,0.3941370369179822,0.1680932234256195,0.5625548038560154,9.261173137887704,0.63371336,-0.251777243177944,19.892588724904986,25.356932031858328,24.44878133009046,24.1074807165767,24.1235847321561,25.455644545791426,25.45968796184232,25.32950777098449,24.98494454736763,645.1375420662416,1109.140540040314,1832.0589587452555,95.703125,164.5357909354879,271.77734375,R5
17.783801398576216,6.233144505422295,0.7399089258251975,0.7540506200364769,31.54739897106846,250.636726079848,-23.354311550094305,0.6837447828142299,1.00077056164227,0.979860662053636,1.8023603295249293,345131710189.676,-0.0478187637595228,0.1213914523854247,2.5430418532920505,2,0.5792516575770981,-0.4675178807820607,0.0249363166567651,0.130280762122803,5.323280889526378,0.4776737875382595,0.2265042280466752,0.5847619357201114,9.404910852341288,1.3724769317805336,0.031265907,20.95933395557094,24.971193971571523,24.41155734509305,24.103513004810424,23.82972656572455,25.557062969841944,25.14693390909743,24.88447853679016,24.63295410483574,701.287569253976,846.3653421866253,1849.8307912034752,162.109375,195.6454993056432,427.6062011718749,R5
13.938944716727082,14.777615665777144,1.0441825989756903,0.649971610392889,150.82933587810427,224.4921704301013,-22.72998678717178,0.7641619076456704,0.7729564167875237,0.7406491407311812,1.773233583220034,236645228035.09625,0.0009035956695221,-0.0136311150143176,4.21179360094529,2,0.1744400502623786,-0.6137112230438182,-0.0211724987187467,0.0506619351797965,19.585489414515703,0.8850881422681568,0.2368077639978905,0.333526615066785,9.920006110309773,1.4631839281981698,-0.601899219689329,23.397950297218387,24.28854517036684,23.91697037709632,23.92863800373797,23.879500698337967,26.830422094181497,24.81688400646401,23.866173642889205,23.87296905763845,580.3235975630009,1312.4679396712636,1053.2873295768463,185.54687500000009,419.6353995707613,336.767578125,R5
14.746932076107688,8.598119611633159,0.2125456825333466,0.9416493682675978,161.8313398633718,202.67424892927227,-22.37346277378569,0.9986778145123756,0.7043413490852651,0.7073605435822418,1.942963710762411,75451214297.47499,0.0245440674122356,-0.0676957767195633,0.5780719847786419,2,0.5678401279169588,1.2565731412520027,-0.0026853824288242,-0.017390341152712,134.59906242756875,0.5038646356075233,0.2044653059335719,1.996221626876716,9.644596,-0.2502831403349562,-0.3442161415750316,17.7652839745704,22.881984993270507,22.230258957892,22.025403405220903,21.857682082697867,24.32177702443505,23.370529778952424,22.571076278109945,22.433293788473684,644.6138291426341,1473.280168564498,1548.3147810440505,186.32812500000009,425.8573412447922,447.54638671875,R5
19.17263784884691,14.539714750828768,0.5098762191647956,0.8182803802665224,275.0620180498273,218.95165882568523,-22.70848992857437,0.4175166323738974,0.8949680999977081,0.8806227886950803,1.8023772163098355,199169173289.50104,0.0567546794086841,-0.0093071856944635,2.212134010785153,2,0.4391172133175791,0.7304787792179145,-0.0357228421207889,0.1444663333592721,115.41620375532943,0.6757912051270909,0.2424343129723539,0.8244751430841858,9.29725906117745,0.918828513043647,-0.0789037828047626,20.10691703331375,25.57511955933997,25.04485074891047,24.60574917219307,24.20142640668336,25.927265453075748,25.62594042117139,25.526736043203208,25.276299566114226,278.10701147389005,125.55940894546065,1311.8075384166611,76.56250000000001,34.56634263350588,361.138916015625,R5
10.01275813275134,5.716814524646438,0.573153061801475,0.6581085565880189,93.68713417682734,210.1118323665391,-22.59888279012387,0.6800966886815116,0.8460166825382751,0.8345737691144309,1.8536471788624864,183857542639.3974,0.0064702885045175,0.062060362382212,3.0049571639934807,2,1.4607604598092387,-0.3596494666275034,0.1113003485783359,-0.1123332155730683,99.43709090732116,0.4715021555449539,0.1034858774830243,0.2264102633431238,9.157633139999009,1.0580911855410755,-0.50850743,20.656626168274222,24.962759221754705,24.891072323712343,24.7804230732234,24.43937991296149,25.201997263748623,24.97808572873784,24.91855809213364,24.91603687660516,705.6538203436662,1510.9022263057968,1274.567523994063,87.50000000000001,187.3495770736017,158.04443359375,R5
3.890934840856602,5.081648592058189,0.7230863252798124,0.7085869539807425,105.41288742471716,294.31957324985615,-24.179761496229705,0.4379491381011636,1.429907377461907,1.4200861850978517,1.8685712465395312,674113102811.3009,-0.0634679199344061,0.0282182477977091,2.690163907572881,2,1.4894821819092523,1.1664446910477122,0.0493089457784812,-0.0418170627229486,167.29580051042464,0.9679737662251016,0.1316524008697761,0.1621760885184512,8.546758297429687,0.4010220928211516,-1.3850430271986651,20.032690286088737,26.09584590332365,26.170694418556632,26.038486939959384,25.69115817729135,26.05478159434668,26.07037023151619,26.115624358372383,26.179866418819408,1297.7668315641693,2162.555903649487,2955.461182819963,120.3125,200.484787274334,273.992919921875,R5
3.341208205652282,3.4692349087052925,0.1527392098016129,0.7296124416095311,77.67852119371432,201.79398209727327,-22.373942077801665,1.6090506689658242,1.0589068411411648,1.0842941351453264,2.037038515944204,86300164688.45102,-0.0376281463577461,0.0413061030806458,3.1203916451152733,2,-1.9858394552385883,-0.8713061685033775,-0.1156661573168627,0.0665268888613734,40.8643139289942,0.4418438927234238,0.108961876279036,0.8582201390128426,9.619658526180316,0.7999729857389903,0.0032501514495854,16.916107571702682,25.88227729599004,25.68947201097425,25.524766254880056,25.03628295558075,26.40035740202211,25.927337480988182,25.86262530166743,25.757056382415616,742.4478221372456,1107.5971712688645,1697.656992519482,74.609375,111.30362327988892,170.599365234375,R6
13.23039479856352,3.2671873985842232,0.3986322968913033,0.8112937097993143,271.1477528320823,301.46215430308325,-24.33500178104979,1.1846044031371323,1.9681888480346104,1.9147360300920453,1.7442916122065806,722213188237.8126,-0.0416476251242019,-0.1024403317873188,2.890692467913192,2,-1.832963459685342,0.8797076868807064,0.1919013377564837,0.1055517327090083,31.806672589542497,0.4116668338294258,0.1207666530030539,0.3951729494866773,8.595236827086463,0.7428871295202877,-0.388111359328356,17.635208717158402,25.52398328380858,25.591980039999296,25.526862947294862,25.20573932689436,25.62233848976249,25.49893735915871,25.533272746361103,25.57236566149274,2142.8807964114385,4362.429059543166,4402.66007557509,135.15625000000003,275.14808736270675,277.685546875,R6
16.081643615044896,6.272823090179202,0.3434999282509071,0.8257471784488125,159.18536911465924,233.27387549921133,-22.996976237297147,0.6960159097560391,1.1784810069541902,1.1832713784003006,1.952599766849564,235725286454.57568,0.1381120950557685,-0.0862382799121707,2.202875014684281,2,-1.0186038295149882,1.0645564296561816,-0.0895959410742719,0.0318373018508566,153.6681960026555,0.2709998347016946,0.2219505208502347,0.2429195367681461,8.867035272082923,0.5105403575321513,-1.3763345759781975,18.503942158439862,25.346299872507544,25.38355599669233,25.15425702595749,24.9359712319098,25.251700567082967,25.327314200974293,25.393762499028384,25.41913304773611,758.0356129455545,1006.1767190582656,1626.08661082281,142.18750000000003,188.73223077894204,305.01098632812494,R6
13.026850474605464,2.998602260338748,1.0142520453706934,0.5249041790616484,69.19534158699264,318.0875429406549,-24.56989921982377,0.8845388875513742,1.529160219628276,1.6021884962109978,1.9832620540982075,933931685759.8264,0.0174773575826579,-0.0132454576781195,3.818959339441288,2,-0.011769261277597,-0.5948347868836299,-0.0497141036701176,0.1276109134850322,59.33514909444074,0.3056607670199925,0.3028083362341616,0.742760209420615,9.798534566173387,1.5576197361734456,-0.7573953887230113,21.37793682847665,24.440705262007008,24.259009765752225,24.21075221692597,24.0084469637092,25.4058890236612,24.49012829381052,24.35009343358709,24.313590553813224,1033.417522641199,673.0495393259055,2684.528075143592,195.3125,127.20414089130158,507.366943359375,R6
3.9820550924236375,0.3581607472690216,1.676917716602396,0.7377274231281036,337.6108142364916,309.6163497735629,-24.477195837568352,0.5590852876510435,0.6973075568195561,0.6904988365431455,1.855289419851375,424667624757.3721,0.0848169104738897,0.003270377136984,2.904647579969174,2,-0.482395270963778,1.0841886897175437,-0.0988968789739308,-0.0866184077016107,18.901877591260423,0.4566553522845187,0.1372075372898357,1.5846959484408434,10.35564,2.0861329837894687,-0.3620077306494408,24.706559191153943,23.74271085856612,23.271499240695373,22.98236580456009,22.325240358456675,24.29768057538388,23.8763299907427,23.61069953345276,23.44550808243996,678.2098790384989,1513.4137135458532,1564.7051380480148,134.76562500000003,300.727180911501,310.919189453125,R6
12.508067440518223,9.83414482807216,0.5407058361451474,0.837514933687504,317.38055908147027,230.97026822534545,-23.02771777988816,0.5565659577790216,0.951948388253884,0.9690848012361256,2.131206063907163,242948590697.6833,0.0244758068101902,-0.0553498819323716,2.100681978345313,2,0.3320269284313415,-0.8206082587548219,-0.0561628371199551,-0.0617436747174071,16.184009240473895,0.127908102720594,0.0817276239418113,1.390499619219112,8.052507800729233,0.5837338,-0.9434232982150784,20.00556158107515,25.34990155174838,25.33450368702054,24.93446159129796,24.83604525872999,25.42272253442765,25.39157734201633,25.3358988944515,25.37572100266932,1037.5307150558235,1696.8626133044638,1944.0673875439124,87.50000000000001,143.1046585027143,163.95263671875,R6
8.28689297060011,10.96353602072278,0.3140766101086416,0.5391267459308056,300.47775368323425,227.03482879987115,-22.915765808246498,0.7518642374133178,0.958804083722564,1.0028048407914985,1.9895017792665644,171150300570.0482,0.0223937642158458,0.0011020643070376,1.0918624078567212,2,-1.230817406655456,-0.5494147870607646,-0.26657510460808,-0.1079071491181249,159.8653418543959,0.5886894886895356,0.2456223707416299,0.3678160076231595,10.767036245701316,-4.0,-0.0007586526812468,18.318034899437944,24.627737900753228,22.43353882916677,22.05699948826373,21.712239412706445,27.449237209504425,25.98097459062401,24.231225355002387,23.139343040921545,443.3567587956064,1078.1899812765366,1592.017570027748,108.59375000000004,264.08685771998483,389.94140625,R7
9.575260620989374,9.881041945032848,0.7570276403101844,0.5252024651793737,118.5763167984506,279.5667446986074,-23.88695473746681,0.5926005321867925,1.163070735115446,1.2088547319595206,1.9616917173427824,503259045406.1834,-0.047765689387623,0.0246701833076942,2.259121521767725,2,-1.203149105687377,0.1175013335950915,0.024735107506224,-0.0143222754591609,94.01665791179096,0.3231085941077101,0.2073299480736055,1.2781986870434434,9.436466549467742,0.8685649619021215,-0.1121027903519237,20.528921506892104,24.33527217744919,24.044018108725457,23.59503502178299,23.3872164412782,24.42969444337008,24.35681200745772,24.326377354574326,24.18992181506721,762.9866122083599,1338.238702715417,2312.340536448815,130.85937500000003,229.52051508647887,396.588134765625,R7
14.762409992112191,12.528204588060452,0.1331740805096521,0.5674206573994895,13.390212722471508,212.6530590806954,-22.659525460147275,1.538265039993065,1.1895771751339674,0.9890239809247728,1.6021358915803343,95961595561.27956,0.0561200077982236,-0.0758690765732553,2.985407265103866,2,-0.2861120385764356,-0.6819466769708956,-0.0222431966309777,-0.0912223006061196,136.3752445480767,0.3801824274976627,0.1926886416264803,0.8898425031579548,9.26139502517828,1.311333665938996,-1.2286045524164204,16.28837762106366,24.43288122971327,24.50625767832727,24.47769706404272,24.118528942498944,24.634194142608088,24.439924660244348,24.39991324878057,24.393291392131644,1024.5464238369282,2160.983374928232,2046.9625530058977,199.609375,421.0180532761015,398.8037109375,R7
5.209889466345603,3.0208645156847105,0.4943953169492948,0.7657213987785176,231.18022235671583,232.87587762821173,-23.02109130611934,0.4857386802622305,1.1159293240973074,1.1134130382665228,1.8965079154445568,276386894759.9399,0.1048212053111061,0.0688092235766357,3.2282935025891346,2,-0.1222975207168487,-0.7363529610661692,-0.0095530487668415,-0.1003408315444431,148.8721809590847,0.95045011930922,0.0900919168769927,3.152563040308081,9.058344878203563,0.7395698,-0.4479122578647045,19.68295021443964,25.59728041431401,25.714274594081804,25.66661660933716,25.447759361415823,26.28673652599646,25.62789962548646,25.581138028965643,25.66438453937388,897.9320106153833,1247.4029223684206,1925.8318349312287,72.65625000000001,100.93372048983714,155.828857421875,R7
8.788292155088744,4.023265990694927,0.9633468841884888,0.6938818220239382,113.5096864571324,279.7212368142152,-23.92758548190801,0.6668489350415968,1.0264643011501786,1.0440983920954414,1.975413508233573,478872945124.7424,0.0638499165333723,0.0111881059684368,2.575230662845461,2,-0.1119149041995414,0.2881070502910506,0.0615182798882063,0.0774014999773697,160.22679587698795,0.1313383979897578,0.1785521385992278,0.4403787302211472,8.660045518448229,0.8420212021985081,-0.7540010788211691,21.711091696939903,25.039034808282576,25.13657663885305,25.084400267425032,24.81509453064964,25.097950792205108,25.04292086929444,25.08708429675381,25.143648031068768,541.3582397501948,1006.6051405267788,1023.505422027712,92.578125,172.14038631485923,175.03051757812503,R7
19.70814709845993,11.545390782028685,0.6103318136271815,0.5032493955620805,57.53893174996998,221.5910498919,-22.850022470008263,0.4549462228410854,0.8266142092893415,0.8793957228922219,2.005211071411687,205753659225.8477,0.0799086375572839,0.0720498604395949,2.15685859718714,2,-0.5151564937326825,0.0511853722234192,-0.0700476247414094,0.074086496274553,39.89868879591676,0.79979383562125,0.1234804387668023,0.5036379868970134,9.24199177502394,1.2762398941649786,-0.4390251,20.65454822146731,24.62803829211619,24.257940059722653,23.85683663568067,23.533066746610764,24.94611395444946,24.702076220144825,24.552682484494888,24.47649494884037,642.625862244559,1383.48970285411,1309.6370808689337,90.234375,194.262845600303,183.892822265625,R7
1.3022138530360028,3.573544737804932,0.7039564660857357,0.6927130923053564,122.9886027628,312.50444130257983,-24.481992836505786,0.816526525533883,1.6669493483638456,1.714908364189245,2.0333670102192816,876788521450.9486,-0.0419530116406374,-0.0556950560928964,2.8372996445993715,2,-0.2771563367009459,1.998808129709176,-0.2118994135498209,0.0337416174081006,106.66290414255604,0.3199915427952136,0.2498544581713072,1.5799331849492426,9.099924877053812,1.0365155551014125,-0.42986208,19.61374559363768,24.86839092067572,24.765871635950603,24.538347645321952,24.10171098271617,25.1648539678542,24.89371028866832,24.834016656717857,24.808649125040183,935.705704624425,958.4922621088098,2843.6890640943134,136.32812500000003,139.6480242393637,414.312744140625,R7
17.454216745607837,15.141016428117243,0.2312986032657928,0.4772200896375702,258.0319548068877,283.9414581215359,-23.998414509419124,1.5172876102615034,1.934105135102561,2.136027382139188,2.0799311144599333,433694912805.7984,-0.0623979949570448,0.1009517473119605,2.3186795327066614,2,0.1912782978054712,1.82442946485575,0.5617891174047984,0.0710411004583022,22.132840799907704,0.4625518163479605,0.1505305904688418,1.105305501013724,10.058631772187002,1.0804569,-0.4691475368475952,16.37042280889337,24.85827260905108,24.493629212369783,24.046440090567145,23.557796516551846,25.16705730785349,24.94049344510589,24.806846051215924,24.66371935260678,1324.768479006785,2383.8106201474284,4108.029451899177,93.359375,167.9924251988385,289.501953125,R7
12.191233492788085,0.1984168706976969,0.7478542806298731,0.760882704235357,283.9205235462657,237.2919883030969,-23.08840363206507,0.3889393950129496,0.959090754862974,0.9432014632815856,1.8210071821246967,297649654496.4292,-0.0096096628403125,0.0392429031090451,3.1373455505423924,2,1.440356380885914,-0.0407312697765008,0.0114557415209937,0.0084915967214577,165.9570667454068,0.2864575017005154,0.2355407108696523,0.4879915254295863,9.190227863967952,1.3219620274020238,-0.1314194669024118,21.27283324976898,24.64072046601008,24.537773570547326,24.57319697176091,24.30152621900531,25.16533062417931,24.66602701529125,24.66031536278785,24.58150570554909,708.592777087324,1292.8221704408804,1375.1715163775618,176.95312500000003,322.8496401969448,343.414306640625,R7
2.5307249012481714,3.810856617647433,0.92987062398674,0.5836282440280844,282.7322943834343,217.5986384631232,-22.73706810955891,0.4168004139629391,0.6885180972084423,0.7000645757355907,1.932581876402151,192603140024.2676,-0.0429558229044428,-0.1200035908140751,2.978909811561073,2,-1.3872198941073552,1.4446075913087817,0.0529722401383381,-0.192968125731241,83.85656135455052,0.8834110202756079,0.212786458715455,1.0172459393622906,9.24482738883091,0.8023675415832774,-1.179826011079697,22.69700235542668,24.69784524230997,24.834425891636563,24.79457685787619,24.351911067338385,24.73805715270493,24.699699464512907,24.71928427629529,24.75988438965444,323.8580457139164,529.9482502611722,702.1944444797831,98.43750000000004,161.07915667213734,213.43383789062503,R8
7.225835443317172,5.690560455178508,0.7901306687616924,0.5346776901492263,101.66611748310092,216.02239587725097,-22.6069438497284,0.2738225292040888,0.6853145742833836,0.7327610903973669,2.05376740427188,179749154186.2621,0.0043113237584044,-0.0377241551013218,2.347524223743781,2,-1.189141437634066,-1.230427484230389,0.1165235526212171,0.0759553789440481,86.18438628683012,0.4696062486175726,0.1810035864016984,0.8476801520741253,9.773825763196252,1.8892304,-0.1792112040605864,22.001374620034422,23.59772914315432,23.21151748445361,22.779610230216807,22.248453572845246,24.06291037447996,23.74230699899952,23.537684337379964,23.374202075109327,526.5983431969754,1172.661506450181,1127.1507423806506,130.078125,289.6659512687792,278.42407226562494,R8
10.577788368852264,11.61695714077684,0.4198607269570109,0.6914289523975092,302.8829221037407,239.18999749204727,-23.130257990984244,0.8128887583875326,1.269341709435182,1.3073606869316736,2.038791472317816,302488190015.1829,-0.0009995215983918,0.0158618092345938,3.8582764546629327,2,-0.121436832872931,-0.7711818564396821,0.0080996899523455,-0.021912729973339,92.74574024879382,0.2696156063929155,0.1502985867365953,1.484018417634614,9.500966744094146,1.4481979655323776,0.0064670920645444,19.01212894084813,25.619400842468664,25.213629241790752,25.0719695173306,24.81132894963661,27.45420737580617,25.82440016844076,25.4870450994348,25.31040884228045,655.7795480867936,577.2915274058331,1978.5939279548752,75.39062500000001,66.36737785633127,227.4658203125,R8
9.482997621647993,12.099194853489688,0.2517528951964486,0.54440555756248,359.98667850267634,276.54365760380267,-23.82896587812502,0.8871858200522488,1.7766429707436264,1.875020797174462,2.020709959084692,402458529465.5808,0.0523806756142911,0.0033189590575117,2.048531550527412,2,0.714872132916771,1.094378119447973,0.134171211341183,-0.2786749601791705,32.79288843326951,0.4387749063909558,0.2212363141239061,3.75285948998664,9.494423658346577,0.6828395423400495,0.21275285,16.774111282565443,25.05471960972976,24.682657773514144,24.070139183033582,24.0100104289353,25.26756396244441,25.10104687016793,25.10830091814471,24.936773112565945,612.4652290126411,703.0955464258839,2916.762196208343,72.26562500000001,82.9592223204141,344.15283203125006,R8
10.58299826918334,10.773180967978986,0.335126017841959,0.785529081101625,89.51824357213906,204.17860802645723,-22.37798962828208,0.8899379292006879,0.7950618510647828,0.6718092137330902,1.4385461834753557,119876879735.21487,-0.0658064252802845,0.0745458624474708,1.2728591611853022,2,1.0565028029893253,1.88574327843734,0.0603090173361131,-0.0837589529981919,117.66936240748451,0.2806587186626996,0.1264181589560319,4.824783947526147,9.61837622570134,0.7407007864213806,-0.5512313224989955,19.048628797680017,24.721437497928413,23.435858328973502,23.19794646211217,22.94492889509842,25.40690630336164,25.097112147360416,24.637613262141915,23.7426438494975,913.3751793564264,1936.1122635818533,3037.6860457189896,171.87500000000003,364.3292513571518,571.61865234375,R8
9.7749457472869,4.000669892436818,0.7424617355734444,0.7718273702227976,249.49907802831808,269.8968902686397,-23.7116592984884,0.6318732535346115,1.108671959133232,1.0781002405256863,1.7662516351157196,443931862746.0569,0.0063901804659035,-0.025892298392163,2.299064858950024,2,1.0806615133654436,1.388237784048593,-0.0910800896734898,-0.0985904339407817,81.14852187763474,0.3555132507811791,0.1620683497270856,1.4716636524215705,9.138195385191583,0.6399081306752817,-1.0997386739191113,20.61727069895858,25.27418864839754,24.98127448697014,24.53078400246069,24.180398717882955,25.509221385217515,25.30908750810145,25.2615223313194,25.13451236242877,831.5166427784551,1421.0286650464732,2515.3378444048267,125.0,213.61999747506627,378.12500000000006,R8
8.80944187591309,2.826033303271025,0.849270519260839,0.852909127330041,4.036389595712713,229.941069048692,-22.848968793334173,0.6231521651184383,0.7992767413502716,0.8089933430193257,2.06723085574886,243201425997.1661,0.0423161950021132,-0.0200504368184095,2.8042914614386105,2,1.7250603407324805,0.2656904060053913,0.011768742942575,-0.0301001582161175,11.172530640414536,0.4389510291658745,0.1657648310320087,2.3544053793646453,9.311592697113037,1.9922801,0.0873598409505784,22.10215393694021,24.89533259041761,24.63468980626772,24.368798542181946,23.99598816443985,25.437715461286583,24.99397381833572,24.74921839902632,24.68493897111051,486.1303858944317,900.839125245769,1099.3040374653183,99.60937500000004,184.58426966292137,225.250244140625,R8
8.548170362758686,5.070673280150373,0.5159898208657673,0.6703698179600877,287.1938166404718,255.42456336545536,-23.51093252640644,0.528917698715691,1.2151377356880584,1.273759827926043,2.131904490981687,370311954844.7794,-0.0211872737678028,-0.0478656562929379,2.237473521039788,2,1.7491711545642603,1.3213872105117117,-0.1859357207177225,0.0883582341876909,2.7578212807335967,0.4879699059538621,0.1748014770597151,1.901111679481558,9.486812261101557,1.0680483162652925,-0.3946849340175026,19.34834921154437,25.156151465964204,24.612820949358344,24.159118679304687,23.67275569409412,25.353378896712485,25.23089404820188,25.10803849582601,24.964368715768423,603.4459063185755,670.0041874096421,2405.5556261094325,82.81250000000001,91.9464714051256,330.12084960937494,R8
14.30296744771124,4.796082259736931,0.6204353544372971,0.5732576912744084,284.8907809966119,278.0082727098124,-23.767861615768325,0.7566820594352497,1.3143393069541394,1.3460450733860294,1.949333554823148,518773405663.5845,-0.0127940280274706,0.0247960149236037,2.2745160238734026,2,-1.5507890842618175,-0.9331183212573032,-0.2006880573388159,-0.134935105505507,96.11746759211808,0.659962521321994,0.2261285475603598,0.957866309664536,8.671021100336521,0.7819299,-1.2460511327520298,19.802867621405824,24.75516487036412,24.91606558766817,24.77586725172028,24.428400261342432,24.647115322696312,24.685156578086428,24.79048025394033,24.876722970570853,702.2167544264728,1263.3567678734626,1696.9027179347495,117.96875,212.237343769726,285.07080078125006,R9
10.266703732696136,6.919577123882919,0.3783644656752111,0.6916125536502153,150.98409369111042,197.904086959552,-22.36034582633431,0.4945048899872173,0.7793960788319031,0.7897922681420895,1.9564713199730768,119354222769.74982,-0.0250301831224919,-0.0239040724925816,1.741841395473289,2,-0.0339072763398333,-1.4385895304004914,0.0135207094656308,0.0806593638048802,11.674736998970111,0.5409120589755594,0.0893957777424735,1.462079995695422,9.189949,0.6955916854251333,0.0180485102406213,19.44105509985636,25.38864795902456,24.558797870088263,24.379196410489484,24.32880141632576,25.086720363786373,25.22968817837541,25.54426521741153,25.121026039271424,631.548917563089,1294.8371697039422,1578.9801403758856,71.48437500000001,146.56129276606487,178.72314453125003,R9
8.42783479837691,3.3600248196671227,0.0663689578950218,0.6385045338260568,356.6719186550267,195.2780035458295,-22.14088566567761,2.3421491703539044,0.9929586736075672,0.9839410492013148,1.868425088925853,36360579576.667656,-0.0346286911186426,0.0780471329714532,0.8394281762274174,2,-0.0112364208166099,-1.6066740815664171,-0.0469912867445909,-0.0441459287126022,116.9086880085755,0.5065092728818082,0.225673354430575,0.511054907177745,8.341011157953723,-0.7600304623986593,-0.4729447553657669,15.141175422500393,24.97029069295447,24.52506037893928,24.52342506176324,24.474478300163355,25.622341354606817,25.20321962930949,24.85190350685233,24.545276261363664,590.9875126373805,735.4650636339768,1394.254716751183,135.54687500000003,168.68375205150863,319.781494140625,R9
4.210387414413194,2.360044603424047,1.4085030488099397,0.6089251568031697,73.53862033708405,300.56410295388946,-24.31581321931144,0.4958070671409643,1.0578317525288,1.1142240718740073,2.082777727710406,605059154005.598,-0.0410299897915111,-0.0072374483810375,3.865430720956645,2,0.3524083312508361,-0.384890738638086,-0.014386127003263,-0.0228023366758423,85.18744298521264,0.5179094666706514,0.263213953880853,1.0784050789287514,9.570255724474746,1.0376068147049384,0.052717842,23.678619134935666,25.34985298055421,25.214307827463948,25.20495207292759,25.095347139546828,27.18033897495265,25.471405253759592,25.263606557528963,25.16895917162648,380.3220440309353,58.529801282999045,1062.938104037546,89.84375,13.826537053402348,251.0986328125,R9
4.461675192014482,0.8762091171125181,0.5596764117575117,0.8686866027986957,202.3299451790688,383.6910197260431,-25.85594310042522,1.270842789461338,3.0673422519861497,3.061594454417936,1.8881601899352027,2197494739834.833,-0.0195046983630635,-0.0010325618289604,4.5846748678542495,2,1.1486936335888518,1.65349457393171,-0.0280664749793047,-0.0019867679973195,78.17518523498627,0.9849899735666938,0.0642040172188997,0.667166211698941,9.278241207462989,1.3026999666735193,0.0789806458420557,17.308247828321235,25.898949734793817,25.32673808029745,25.178314379955182,25.124030244132843,29.06073399676943,26.47218775665145,25.528136334300303,25.40455251463052,5234.218096352908,8867.907740854473,12889.37848171068,109.76562500000004,185.9669233682616,270.30029296875006,R9
4.204731742121767,12.306211311151852,0.4872086405878784,0.60940862214782,182.3029670157385,258.5692820927783,-23.600725332920053,0.6770457396969123,1.1284578995704395,1.079623808260602,1.7801491756023198,341863767649.7766,0.0522816959273493,0.0201524797651643,1.5575979621639202,2,1.9314961867125413,1.0678645509962814,-0.0759005296053771,-0.0240483910936895,149.86591522853604,0.3374251890378637,0.1593343775860466,0.8793969174600706,8.515787903603933,-0.139868263153323,-0.7207968485986722,19.05131311734124,26.164624173062336,25.55504787197672,25.365428008890017,25.310964729747703,26.29801568296591,26.256186087724988,26.15526347015742,25.88617738375805,497.6005468519882,402.8513676939141,1701.403465549434,73.43750000000001,59.45410932963008,251.0986328125,R9
4.303375917620517,3.72805782903143,0.7780519144956405,0.6521893783520776,359.0531566939891,191.3106432598625,-22.142880820527168,0.4485316214000968,0.6005147258061082,0.6260064003003436,2.0749867692731536,122873797140.24467,-0.0605287915247738,-0.0222792892224142,2.9975789677439795,2,1.551344301830984,1.95707401271452,0.0542019865878096,0.0502713217453987,44.64530515429605,0.3847099226168674,0.1834311126346039,0.866249338708652,9.49359304625638,1.4347185331199397,-1.8278052592757348,22.39666831034245,24.096157736087587,24.25836483021446,24.394363725085206,23.933285009005186,24.390913916771897,24.08525718400926,24.111818462094902,24.12821179473656,333.2773630998394,729.0338249101766,597.337183850881,97.65625,213.61999747506627,175.03051757812506,R9
12.251024839933242,7.81018542904377,0.2731582589567477,0.5756676850571318,248.34741077312512,231.06433725231,-23.03010445042198,0.9753143133992498,1.0749855076344526,1.0158072483542815,1.7639874706337832,180350203708.5386,-0.0438066410128522,-0.0197748235774938,1.1447184231734306,2,-1.4014474294487238,-1.0952680857315369,-0.3483901427443925,-0.0045038715293266,156.30146190389988,0.199082353669514,0.2899167931410875,1.141231816245056,9.883045757514788,0.8418779561331842,-0.9928315398996108,17.80325676778179,23.3247622782672,22.35974000804964,22.316673737315423,22.21184536179265,24.23434487714516,23.81626588057607,23.20416159763908,22.480996166277567,823.9378638876025,1610.8051400194915,2121.862407987124,235.15625000000003,459.73235702562806,605.5908203125,R10
12.696696179791877,5.300651979599442,0.7163329677370249,0.7335725059636782,218.3961060088908,337.0179980918492,-25.054057798354258,0.6916780589330358,1.1585925605770566,1.1605359968223468,1.9113474086388185,713599828491.3961,0.0071746062516911,0.0976054488269551,1.2917603609270096,2,-1.4443666818810126,1.5132587060423317,0.0194652561924968,0.1661771616816132,62.88545854485884,0.407315063863211,0.5182940466971337,2.4688822197691307,9.987200171955326,1.5207540442692984,0.2037356532418614,19.117273426140525,23.92108070845241,22.94561349674592,22.79160685432263,22.573046425423303,24.444076818795853,24.20806465577225,23.80403554031676,23.446073507065208,439.0825190393619,653.2482762498979,1708.2370923271585,196.09375000000009,291.7399318267896,762.8967285156251,R10
5.536317850840689,10.37501007979087,0.5801370868245994,0.4435822902246652,354.4098140085718,205.65277356042304,-22.54950312634274,0.4576660001801564,0.7199847759306091,0.542921315884162,1.585908226306412,150765414933.34857,0.0114352713601884,-0.026362611244469,2.053431286234492,2,0.5711789131252061,-1.705362493602885,0.1307723968013707,0.0491719313067129,27.13110361233188,0.5219471287165064,0.1368496512592024,0.5010978840373406,9.55472977784498,0.4033653742617409,-0.6619199673264217,20.753019767997504,25.156149080072723,24.79968666080668,24.19313216363461,23.91144047669607,25.3408252211587,25.178798727917624,25.171632477223287,25.04561388948312,353.3361557812639,633.5612457543781,858.472226625079,89.0625,159.6965029667971,216.38793945312503,R10
4.128382114094398,6.331821011179338,0.587335942466597,0.8559469325525277,159.24076583693645,240.51467593939583,-23.261898106167056,0.6729448160119896,1.040932538907332,1.0454655765044796,1.9637906533689136,299876706713.958,0.1203049120029198,0.0195219026895563,2.467430628260692,2,-0.9477805322956244,-1.5598766739025032,-0.0567478319335457,0.2854844319368332,133.98647283172596,0.6599535216213004,0.0643282389659029,1.2920498651042418,9.725565804055368,1.4505245015959332,-0.4333507792376008,20.0891361452814,24.31192105980625,23.90094163179536,23.38187738852098,22.784042936206685,24.621388081891045,24.388636974259345,24.19382106452557,24.0876901431428,1155.4189812193022,2269.5662824922583,3072.652675330451,71.09375000000003,139.64802423936374,189.0625,R11
5.396006437993572,1.0468977158422472,0.6914793532593053,0.7269943924322398,276.34389040213534,271.58517505438203,-23.732606560312743,0.9098953388125272,1.3225752574239218,1.2989217034326324,1.821268761649245,521673271347.2629,0.0017388168667786,-0.0264261309794004,3.256114959984514,2,-0.9417375629948226,-0.5254446141362474,-0.1202479750560758,0.0758869376446202,103.81040190882284,0.5626687615099402,0.1226513552611845,0.2748254857183693,9.798893,1.1297133225614258,-0.0547016885068373,20.28610102869885,25.421902850896107,25.30268089222876,25.192245067289967,24.78902564316825,26.51033065274117,25.51025443804156,25.387952346935823,25.34028642669472,1253.4680979662662,2291.5977424093994,2604.4755606102904,118.35937500000004,216.3853048857468,245.928955078125,R11
9.22276298691857,15.803365914894869,0.2730374542700328,0.6904755026017518,15.214961581049774,261.1376629038915,-23.45760356304478,1.0136329030404907,1.0253780866907385,0.9912824020164828,1.7835640635122127,219651438373.98465,0.0242678357249017,-0.0151534632411157,0.62774658392202,2,-0.5085400303984915,-0.3910823547873247,-0.0433904984430633,0.0907686535673857,115.74449335688482,0.3966797470848203,0.3479614034975295,0.8910819314736304,8.25293,-0.7565413071538292,-1.1035492937133518,17.374505752913354,24.876103373960884,24.50600533919932,24.492760899785537,24.60811223911416,25.188232188053444,25.203881673967057,24.648689181994243,24.486324789609235,399.5036998299359,208.76400209257287,1152.954880236916,140.23437500000003,73.2806463830324,404.7119140625,R11
12.854545232872145,6.603242269915652,0.5058406420357255,0.7862084110484012,202.01143426926004,180.5308617717301,-21.962194746231948,0.4207462471194199,0.6649130950462085,0.6466189096445808,1.7591921394655805,100178375557.30368,-0.0453395692130297,0.0519434188087289,3.218727854858753,2,0.079337283929059,0.2902017722176785,0.0062906345281832,0.0134082956301906,70.94818336674359,0.6459765159368971,0.0902145880831383,0.687523029075858,8.034251000000001,1.0311362957634946,-0.52729774,20.824102309321983,25.281084685869256,25.1905435791132,25.149307349933125,25.093060546386223,25.728544338382218,25.317044757947663,25.21861583267995,25.17845782308955,641.1610736225424,1451.8531024494137,1111.6200109681222,89.45312500000003,202.5587678323444,155.09033203125,R11
19.15971927243079,4.708261351937773,0.6433316964952642,0.6877573632024258,49.219522423320186,308.0826347809543,-24.414140733914724,0.5791359645057909,1.777025713150306,1.858970711387599,2.140405342333074,875202705020.5198,0.059623219968808,0.0360286678880708,3.3831558077733592,2,0.8182853734136917,-1.0683594003496657,-0.1778520397175409,0.0014783940511797,94.4165938332416,0.3657477655987711,0.1210560669553431,1.9958815852378744,9.10082817984096,1.3358564,0.052717842,19.30319713293443,25.106603743280825,24.788156964729307,24.788809472535704,24.60957612757108,26.030983332603903,25.19961019270034,25.02354222893577,24.86467146021921,1715.5842692249869,2558.5060974403605,4230.193663840216,111.71875000000004,166.60977149349833,275.469970703125,R11
19.82998252641019,12.465098502383023,0.5424156022473975,0.8704697072753755,171.76373792847363,377.5975262726388,-25.58475161188315,1.244137047074275,2.9609008833166235,2.9660169878732483,1.931254214643081,2022823209909.3728,0.0105649580588781,0.0256027725934746,4.164270424037154,2,0.8687277717372166,-1.3183767227634098,-0.0654814587121244,-0.1505939668790645,169.8180400125519,0.7009933119269907,0.1254581605637589,1.742619242797129,9.507348383828814,0.4428107671640576,-0.74671847,17.4603659496208,26.239719369120312,26.30725922019196,26.34810566833081,26.330163088842784,28.266860315823685,26.350707679129545,26.21555654070462,26.27766331357145,2835.1309860536926,2990.950560219081,6058.562943375222,119.92187500000004,126.51281403863148,256.268310546875,R11
12.963768060860472,14.685374654551335,0.50715052423485,0.7668642724512535,207.60623767081407,268.01697631846025,-23.66184009274459,0.6230446503601752,1.273016740928404,1.1185188413704763,1.5139743397877066,423307249768.0243,-0.0740242058865569,-0.0217340385258844,1.8659798352360264,2,-1.8658142973978544,-1.3344936595278332,0.1983608337785547,0.0732951002890835,52.74324104870173,0.377407157040845,0.1903530319894877,1.4312100137539887,9.45818434499335,0.9238172,0.0093665378092264,19.13391117214876,25.40785354020904,24.427063219522868,24.06058556310549,23.8990031180798,26.15028120988257,25.665701318688185,25.33775463978769,24.965446756039672,784.999980838704,853.0730582894631,3636.578401730761,133.59375000000003,145.17863906072466,618.88427734375,R12
16.261771940080912,2.251784207985681,0.2124767260844339,0.8176428880079285,345.0839891611178,275.28777711913165,-23.79713081584844,1.103775268510013,1.895444933230497,1.7530568612872486,1.553330867494385,374509112219.2757,0.0064493557232659,-0.0278379955605091,3.227511321386995,2,-0.8897539940690232,0.2826413208937807,-0.0943582257644681,0.04710591468573,49.438450766143966,0.6345097380179356,0.1812338157789375,1.191237864728341,9.433622617050483,0.6017201699837658,-0.8156785769946262,16.34074756607884,26.5954165621875,26.45134524089515,26.223024181864027,25.502911507918284,27.496066829950404,26.64957125731131,26.6469724599152,26.556098248795223,842.6004102482798,40.1228195937918,4757.693151644329,87.10937500000001,4.147961116020705,491.85791015625,R12
16.83230738057069,12.824167652719966,0.2320830649109085,0.6639140518126716,127.05845581067688,235.6282337123577,-23.012803351673377,0.8289700449563556,1.3600479597618795,1.3447610427415049,1.8602329068219567,210553004554.7001,0.0154420686766678,-0.0206343587127178,2.929611346821195,2,-0.6141942692931813,-1.0422847875132557,0.1050711832028206,0.1339244949826401,170.94908375512776,0.3360676958655727,0.0932461096441528,0.436783726644867,9.25999883157716,1.1772301589415677,0.1596227884779725,17.365371829723276,26.1314496572718,25.85232745656563,25.64137178089439,25.057763610964667,26.910908759168137,26.276815677084485,26.054307663789963,26.0108726379106,1132.323419705498,1964.1020552544064,2620.0823158390745,78.515625,136.1913899760131,181.67724609375,R12
6.906770617874636,7.518378673524992,0.5208826523889797,0.6236676627382713,287.56400017346505,240.22058805156337,-23.132838062633304,0.6168384537917707,1.169719069748366,1.0165677556414294,1.618041494256443,316839780544.1081,0.0338262891346934,-0.0249745307204329,3.2925800178413493,2,-0.5281633314302745,-0.3384304549644105,0.0779504197066405,-0.2088095884414498,146.82019246792945,0.3433520199880245,0.219084722457868,2.175593583409765,10.2759576013047,1.6080536239720458,-0.0207351240150905,19.761278063622115,25.054206034252047,24.671577158212905,24.47231204040961,24.12535925476488,26.33826253639639,25.15757432708861,24.999603888006657,24.802676038213903,473.069314460352,484.3782234175113,1757.9520807290126,101.95312500000004,104.39035475318774,378.863525390625,R12
16.00319445429186,7.42639309427426,0.6383135279332439,0.4885044591505391,225.54222061301792,241.8785567808824,-23.18577716680212,0.4409125287152733,0.7412481189875905,0.7994688452291218,2.026407172825102,224265329186.2007,-0.1227436822706314,0.0250739144350087,1.3894655768387705,2,-0.2179504827500409,1.1059333248197956,0.1770022200095367,-0.0794517453948095,165.0679980942046,0.4532356168074655,0.0610288289946442,2.012485151789121,10.881644,-4.0,-0.9811944761260282,20.499703336671267,22.55543807315757,21.230583934056448,21.0202377535612,20.84210729408725,23.267525698144663,23.164677296008783,22.33672871412848,21.96993314483096,1417.4453093557445,2934.2353418522107,3569.9185253511178,108.20312500000004,223.98990026511805,272.515869140625,R12
1.510743163675743,15.543185350571216,0.2985341987851252,0.6026786350872013,161.2623412822586,210.8874580958656,-22.49722239258756,0.8349561460489804,0.8911101732859974,0.9589306308791103,2.1967780646294552,132556339875.37576,0.0306790052207424,0.0777228719648726,1.269357546316036,2,0.6005440372122587,-0.33296712533261,-0.0179401730287409,0.0144996862202928,128.3071181000009,0.181134272784444,0.1543990870576409,1.4975664144458474,8.688590334950456,0.3177139905886578,-1.0478535,18.589007226956777,24.85878553864211,24.39907688671378,24.10208998888456,24.2488260290534,24.922878994307545,24.926217298154533,24.78730204570465,24.68563663524693,492.4912693434793,794.323877864123,1311.8190322429527,79.29687500000001,127.89546774397172,211.21826171875,R12
14.25355878834923,0.5177259646162113,1.4782745480798156,0.5941624988614782,145.3685440937236,313.09287035598345,-24.535343436801867,0.5275158314815677,0.97182980056277,0.9788153810790572,1.9093465257993365,604667961637.6732,0.0624718737030156,-0.0317889608635359,3.2701097177715672,2,0.2287939453350004,-0.2857427096978797,0.1562180798421075,0.2498733967917221,160.80019617533716,0.499024205293391,0.1815064597060973,1.120592330558238,9.523864117863525,1.0162283,-0.1197970056861323,23.754641270474647,24.6696984543348,24.53124347895168,24.40478662987808,24.1013915686116,25.531033186972515,24.72613630296573,24.61540290238749,24.574019430475243,414.9874472460388,574.1334446592051,1238.6098213289724,76.95312500000001,106.46433531119808,229.681396484375,R12
1.1205759569100948,15.129297618136484,0.3655598390713167,0.6464744801861428,166.8481358207626,182.55247365050275,-21.94084503520033,0.7784245454836073,0.6689966245084874,0.677432631122177,1.939743896985979,85301622158.78267,0.0564726376329721,-0.0296071510684304,1.7091605989360636,2,-1.9315736204126943,-0.0259265907857457,0.0657239085978922,-0.0331267547882194,111.59518391389985,0.6716235850161159,0.1612373009191447,0.5352183857280091,8.574117509087387,0.5060837134917676,-1.17131280277711,19.75055888186083,24.72152511003062,24.528997818209053,24.316104010600085,24.44260447356315,24.55788386800097,24.67306983866431,24.748370753379675,24.7452027328891,434.9171178521028,1092.123780623957,806.7507386572613,103.51562500000004,259.9388966039641,192.0166015625,R13
3.645657987467177,7.782422942384409,0.9093277540935956,0.5405798272089342,143.5753204931389,244.92393428257333,-23.35092633898936,0.6186257964529156,0.8837846141264385,0.9746920812170152,2.2054610899043525,311308767856.8389,-0.0979724512642895,-0.018063646886871,2.957184864872831,2,-1.9546124781261425,0.8424188466688776,-0.001965046928376,0.0143770443838064,106.89939118581482,0.8602611455286561,0.2312272602602307,0.6959824115508422,9.166313,0.9574824502415348,-1.604402125687478,21.95774052438757,25.34270950959053,25.356532019759847,25.250484304176727,24.854104598668,25.622936550237505,25.372440398241004,25.30309602535292,25.259446997418973,317.7940399536015,171.93482150954767,837.4253729314909,75.39062500000001,40.78828430753692,198.66333007812503,R13
15.067210554339605,11.183755258462565,0.3498194015474366,0.6378270026244319,141.38516547636186,250.45394117416456,-23.44498156270527,0.8892238473472653,1.449417159494851,1.426319784724741,1.8480641643944409,338181442625.0064,-0.0365188744647502,0.0336209642022337,3.716296777485629,2,-0.815852215906573,-1.2341939735387055,-0.3057379765350809,-0.0494846244396995,175.97859984616048,0.2565741711263325,0.2076436164267291,0.5974832516786972,9.41893819989994,1.3209321586245115,-0.7845362803306805,18.110947158313884,25.168588390200977,24.97593540301851,24.9304559484245,24.77840287759769,26.61530370935941,25.20817804131003,25.078124513972487,25.053282409383417,619.826780806367,517.6166603440349,1790.7644269874424,90.234375,75.35462694104278,260.699462890625,R13
7.336257106984785,2.3679254520802093,0.3959397663837384,0.6692751002599033,289.2064191363826,304.2116397725713,-24.33546712906164,1.120813051068583,2.0681759122977463,2.1575556761777586,2.0976223415621376,769625824882.7711,0.0722330195665489,-0.0534411861414227,3.6000933141753664,2,0.5763026569667188,-1.8524777431334245,-0.14012557116998,-0.0910768658562766,73.49095505842568,0.2462502744640338,0.165324957160352,1.2999552451370648,9.897976177425202,1.4221316666087604,-0.1714644950378503,17.612309952451714,25.32857713308256,25.12587211339833,25.01105445996454,24.82251046815439,26.594660363060143,25.41534492285403,25.204638074129168,25.17996517366784,1050.1488178160275,1019.4958503434916,3276.935858992063,80.46875000000003,78.11993435172326,251.0986328125,R13
4.909769045743058,9.589375752175414,0.2998498843376075,0.7508477067548123,44.209483682659055,236.7830444379604,-23.098673759211064,0.7145330156382357,1.2707398332632849,1.3402283651487084,2.4199023727020417,239025976776.92773,-0.0089087478186418,-0.0396264022540693,2.319565260087013,2,0.3381138104836381,-1.599766133861959,0.0327036950662273,0.0695230044941652,54.28565761481918,0.2318948590063149,0.1155502814238447,3.771147354652417,8.952416037316194,0.7075853185316402,-0.5125775203002029,18.0002350892339,25.25096903858729,25.194391349351868,25.11269191747776,24.98042458997584,25.34144223644027,25.2814137236964,25.209294054750387,25.18360158928085,897.0838178813793,1162.6773876053055,2141.4761277550283,77.34375000000001,100.242393637167,184.63134765625,R13
12.82700091027085,15.01791962766933,0.2563420611603297,0.4666269993298477,224.0157894673709,184.19870169137204,-21.955140282281643,0.5387159510245936,0.8186875593127549,0.8447777122579906,1.9019296560554788,83372557581.35828,-0.0518615829401168,-0.0049853751678356,3.008370060765648,2,0.0850600710681746,0.1682720438750282,0.0220754857076788,0.007895468905672,93.67989682957862,0.6596438287315085,0.244064973929298,1.4443748655370254,9.202227364701152,1.140502821639675,-0.8478422612504263,18.698766490067666,24.40160450060461,24.188992835876075,23.9993671566444,23.4718663876894,24.7715894272524,24.37682774970659,24.39426559253224,24.305424610449467,419.1396227275735,586.2549196085716,1119.6351676066502,121.09375,169.37507890417876,323.47412109375,R13
9.022225381477252,0.2787537507414619,0.8141428109517133,0.818805616692535,245.57764737271168,299.2079885754806,-24.26500858925943,0.5926112481448094,1.2675744090294434,1.2625318749917684,1.883832454978416,644285670221.3057,0.0004111068802141,-0.0410275253592727,2.288407916911124,2,-1.861556525055174,-0.7665255366988535,-0.016413340023913,-0.1332098620933752,99.0390622288918,0.5964801489963543,0.154946643172034,0.306986600246909,8.742429758318575,0.3598513870123201,-1.0218991920402511,20.48045591161649,25.84667761088734,25.815557819517075,25.515024924317967,25.042092123091862,25.796528808659698,25.81035337808728,25.86988128746696,25.89926207058745,910.3035730347088,1425.161648715844,2370.9469264017,111.71875000000004,174.90569372553972,290.9790039062501,R14
14.677786668661303,7.574772842514806,0.6509183552179773,0.8619196862563356,148.07483304611557,337.0053008227346,-25.01337025700275,0.996817379358303,2.112830583020949,2.0617817988843594,1.7064626778578966,1251436490215.9282,-0.0068208474555875,-0.0510978592812602,3.3668151359003824,2,-1.5446019209481232,0.2074000303861275,0.0986340707517463,0.001072781687883,58.86481914424351,0.7174283403340916,0.1447819085419612,4.637359728830601,8.104140000000001,0.2423859781880543,-0.59812427,18.751790008330417,26.695455679480844,26.68630351608916,26.673393278354983,26.426226297066087,27.44532970209711,26.69232787084277,26.66869928996623,26.678134386897423,1212.6764184791837,1663.790096632576,2986.841488289755,85.15625000000001,116.83423810124982,209.7412109375,R14
17.805448294817086,1.985190595933057,0.6420548271498456,0.5984852178620885,126.39599724316749,260.3299049760568,-23.586024647753767,0.610528596872108,0.9453527289265772,0.9349443700415486,1.8603678202583087,332161194554.01306,0.0798095332736839,0.0037925050554954,1.5948292466098823,2,-1.5482855523534511,0.2461073562254061,0.0026057248167177,-0.1515957943637347,57.475984236722354,0.9399575774676906,0.0988202558432458,0.832336604335784,9.372077308946606,-4.0,-1.5328154286700435,20.123219764285952,24.85976896675612,23.54332624740933,23.19321868331756,23.08427714533381,25.51143387583956,25.033098547649715,24.72938229899985,24.16783337658652,790.8854846230646,1563.223675511142,2200.978405841713,83.59375000000001,165.22711778815804,232.635498046875,R14
2.3210013035532984,2.244588820928371,0.3921500125488409,0.7254969058057339,305.5244175686461,327.0064661742704,-24.77686906921156,0.8053356881636462,2.336336599933121,2.139101220377722,1.6257638326963195,998697547155.7795,0.0182997700247881,-0.0837754411672992,2.9701022257336804,2,-0.3222450787460476,-1.099229027086833,-0.1337769947546085,-0.0480048819295753,106.81559320801178,0.2123178371350612,0.0935827442352655,2.4665995332230595,8.135865474597502,0.1894787672627307,-0.7222151149477491,17.139215668261727,26.62811320261408,27.03028997085719,27.072242451500387,26.575388046092417,26.562971247085624,26.56881217272357,26.65859240028803,26.824731517439144,1955.4184503497563,3034.032398298687,3848.892994310008,85.54687500000001,132.73475571266255,168.38378906250003,R14
17.476264285670446,10.492917839857538,0.3579638144608964,0.6101890921224682,358.1043826954066,254.1697904278085,-23.46043825840803,0.7686924988403976,1.3685096308523386,1.458921605741867,2.1524229908211083,333762012073.7584,0.0147459663117508,0.0080506935862542,2.0968971221749926,2,-0.1740375643395502,1.5561034804909346,-0.123801255098277,-0.010304094465674,146.77615335540355,0.4531118697754083,0.1245321544457418,2.008077385418685,9.088376,1.0367807925743855,-1.1246191676497426,18.16535366587916,23.9881131302342,24.17914349204156,23.946735494513863,23.962040121016905,23.97251837184058,23.9272433646304,24.02021566363044,24.027264938457936,1899.147017358113,3871.344121017776,3677.094705106964,162.109375,330.45423557631614,313.873291015625,R14
11.452764151880306,1.8397703018270235,0.4129612897002326,0.9412481738526912,10.62206038264209,196.08638370107548,-22.15835899566328,0.5427873859845266,0.7215239173111772,0.6997536349379131,1.4524340190068932,114423665043.31848,0.0646713019897182,0.0681269690608957,1.626068720284978,2,0.337748187428503,-1.3985754448058336,-0.0323989206251429,0.0108711461696664,159.98481840287337,0.4631147167600877,0.0694663614897358,0.6650282796805426,8.668773837151466,0.1293633511165542,-0.8005924235390005,19.928497717879868,25.910585705825486,25.160165564951186,24.88953353482755,24.88811556936867,26.00119404332133,25.98440955162363,25.895380346999552,25.64754026530991,1200.1360604563004,2841.281086649297,2321.082815284132,119.14062500000004,282.0613558894079,230.41992187500009,R14
0.4986643963342207,8.191268336852167,0.6656216302119414,0.4988518872741854,60.60030754816014,205.83244230278515,-22.428778421642427,0.8818053900183885,0.6521837875631945,0.694130203664216,2.001970046966352,145469631258.97925,-0.0096740361879456,-0.0277356165759641,1.9975692418552555,2,0.7331025721365498,0.2229362698846969,-0.1385312318693987,-0.1764429895122266,156.18446703992234,0.657401783118745,0.1309352218371559,1.0292490487346782,8.982448550694212,0.9880415633180658,-0.7977389319857325,21.42839520034117,24.08097483918546,24.333017133578483,24.18888188653384,23.99609733613402,24.134068918558807,24.12255738479058,24.194391915715435,24.58445504181045,389.3160764258581,769.6391916931696,751.7113603329068,73.43750000000001,145.17863906072463,141.796875,R14
11.37482844798672,5.278211003930016,0.441852752156645,0.5681534241486167,62.00421335203309,308.7789510733369,-24.27124378869666,1.2103396052878923,1.7369111513304911,1.8152359888904368,2.0091029303656955,710619240251.7172,-0.023005970261873,0.0327989858884103,1.6444630643101412,2,-0.9117032943882356,-0.3577788184758201,-0.0392346108705865,-0.2227422518758182,135.49438541312506,0.4975997201575594,0.2362974970591175,3.264536106886299,8.775765239546988,0.2397298899906782,-0.6819799672791561,18.042616654616708,25.077523018775587,24.728399258347604,24.65521766002926,24.730946324270125,25.1467332749469,25.11238510576211,25.081780649101475,24.96110952213228,603.1565715423919,796.6153251757856,1991.34505208154,78.515625,103.69902790051762,259.22241210937506,R15
17.936580501559572,11.250437872784742,0.4560264476135065,0.6920700454464366,213.3979715582761,229.4650537302213,-22.95905804035055,0.6142189000515654,1.0570597261438983,1.0379801932661925,1.831888960947316,243162154129.81104,0.0416008897943417,0.0404687992638177,2.447004903120386,2,-0.0743544616105628,-0.6444167163179285,0.0060849786297723,0.0098087212328401,34.82318647133445,0.3127112808262331,0.2123055969917044,0.630379159847207,9.374432,1.4470725597919512,-0.3329413625324385,19.463837523255,24.47855902819957,24.097608500072347,23.71409649062698,23.669080847025786,24.742214483054628,24.58349446774229,24.42897997623239,24.31955544655404,1031.2914502468,2267.9504878802863,2173.649647536962,210.9375,463.8803181416488,444.59228515625006,R15
13.608334496980374,14.072069390063724,0.3141142591280386,0.5811345458650321,41.81225725916187,263.77767366278374,-23.62356574834537,0.7488627107741006,1.5763547300210772,1.7603369210696804,2.3976378133146783,379863999852.094,-0.0032680662864428,0.032414508325938,2.5169102750283066,2,1.6203326635313844,-1.3146935996182616,-0.1343390631856067,-0.004747215981915,3.162319333616741,0.8070881718511713,0.3301066048847566,1.7568410818682492,9.62693817444049,0.8718988422971947,-0.6228237557654115,17.610587256896675,24.564522511449063,24.524161367589016,24.17674710644522,23.594228912960308,24.72106913458514,24.6022582933305,24.59377724656444,24.608747621093457,783.2302700285911,829.483073609104,2382.661731941614,146.87500000000003,155.54854185077636,446.807861328125,R15
11.40541923333898,15.2022342493221,0.2435802906443072,0.6106549925213139,249.2490690430692,207.91622259408555,-22.46879561439642,1.3524225397264462,0.9123680934427232,0.9165890373713612,1.906202729418932,114017973418.573,-0.0031199137801295,0.0368689977743079,1.1635282214836091,2,1.9589401353262048,1.8994823466781463,-0.0655871384051209,-0.0106095201488187,39.4591345116468,0.5972626831172506,0.2699511904423491,1.3603064763566086,8.546195107707948,-0.0515887707393852,-0.8654510838738799,18.04280483102832,25.24914941997613,24.323686592983503,24.27742164019641,24.303739794178536,25.843725350684068,25.682391754146803,25.159481715429585,24.46636067798775,285.1595405426638,260.55284321180017,1145.9641797520117,83.98437500000001,76.73728064638303,337.506103515625,R15
7.501310921749344,9.601886112221685,0.6332550819609775,0.476145848039978,112.70680657882296,230.7433088419486,-22.951097700988583,0.522956462070777,0.995345601633585,0.9995585226597352,1.858539469550469,273101648794.24908,-0.0264963352003316,-0.0180040018594245,3.260334175862972,2,-1.9181609582525696,-1.7728643452990491,-0.0035858977867064,-0.1050424506888525,45.773731848755546,0.6892703529426663,0.338840002556029,1.4990734015613822,9.787845257112377,1.2725786787952271,0.0214978214060516,20.70214084970308,24.10078607794054,23.796115699164503,23.65314653335895,23.343116619662112,25.03127210282249,24.16681495595917,24.01250798812673,23.862460434881346,507.0213663858479,575.1035979620575,1424.80926163273,171.87500000000003,194.9541724529731,482.99560546875,R16
13.812294279431605,1.1787015024686005,0.2438733702153417,0.6062125122295945,146.11734700321998,232.3610758724451,-23.10670867110572,0.9893259029389224,1.2793756178025322,1.255716719414904,1.8410897011674696,199865681948.5978,-0.0195456497462481,0.1072837217127998,2.278149779870715,2,-1.5583886436280383,-0.6586160377254626,-0.1128704237314259,-0.0764175776793329,3.5059212313219468,0.5253791555837584,0.1609312145897273,0.2190043899300363,9.613322881453543,0.97295714458201,-0.1632257268666499,17.408203785391496,25.256139454254683,24.96505804391313,24.453792108234744,24.0574736981618,25.441028915921063,25.29880218561541,25.22809286051797,25.13513580095147,664.4585835028004,1181.3509333315772,1676.9102052549529,85.15625000000001,151.4005807347557,214.91088867187503,R16
12.257650677288048,7.113835244440358,0.513580293061686,0.5102793245769206,295.6151364640276,225.10095770651031,-22.838759916460152,0.5456511125211014,0.8249754294771563,0.8404310225850321,1.9018763293484704,194784988653.0359,0.0239279611361926,-0.1033614088875129,1.5496167764364257,2,-1.252134421716793,-1.3345032275467614,-0.1584905985955842,0.1486955975924964,109.41799898238048,0.794204267248062,0.2807289739627051,1.6303984148525,9.32368759142712,0.6326976861266542,-0.8816779170170226,20.00327113546141,24.47826935874604,23.921382761667605,23.737966414957604,23.66509187893472,24.58260973502371,24.513391731800965,24.50507434597106,24.25333727690933,306.39111187402307,401.5133527278943,1063.4702470288653,102.34375,134.11740941800278,355.230712890625,R16
9.77084934214204,10.11584727961137,1.1880836969097106,0.6743673492559754,352.74082391319945,285.2648961703902,-23.92435769950937,0.3764870591027507,0.8785431895092546,0.9148494815204788,2.091097669601766,444557176658.6338,-0.0053680428377415,-0.0231386312644526,2.642197372523529,2,-1.190975331462984,-1.3171424756176795,0.0219124222159194,-0.0378230831598713,21.551188552593658,0.5923010091997601,0.0876571483731022,0.9207395685528686,8.714811669787423,0.5153642245927157,-1.046223509032915,22.998974179863723,25.28921139420785,25.490809313915467,25.465524250887945,24.973874945018068,25.074743122809664,25.22248004132462,25.336381403027804,25.406456196431648,860.2106161239603,1724.422318625214,1580.0891834237882,82.42187500000001,165.22711778815804,151.39770507812503,R16
10.55386158822996,7.233421894909407,0.4385382488367479,0.6628254056335567,105.66057533423364,177.76191575120305,-21.795844085679644,0.3894799704080146,0.6576965484154113,0.6304708780302442,1.7703039844278932,88794338688.03287,0.021370553955566,0.0546113569193992,2.73157232720232,2,-1.0431534855946234,-0.994745054285986,-0.1269715460796128,0.0466337812138117,161.37478457691105,0.5551104222973774,0.142868716556524,0.8475166623597261,9.162478,0.8728664,-0.7488255780390057,20.49254044294382,25.19709012100273,25.228619868407232,24.99680440174752,24.53177705128164,25.175625868388344,25.175541166000688,25.1817584426239,25.25441876361909,370.61789258898034,643.715207249548,811.5077387945777,83.984375,145.86996591339476,183.892822265625,R16
18.633226645770915,7.949380604365649,0.1291703212543102,0.8084492844378927,7.875429204516,226.41829662561923,-22.941105333268013,2.0590968527702755,1.2863750358584845,1.294242829368111,1.964766693312285,114620983002.28052,0.0478208979207605,0.0697064589012988,1.3892208127692254,2,-1.255922570787844,-0.7252267476849606,0.0282555222939073,-0.1330439007107386,60.59775944516576,0.8858247933422051,0.21896197879201,1.7381194329174416,9.373975452333806,0.1098881362086912,-0.4862224224066033,15.9312222222945,25.31463764973899,24.247813041774243,24.03529092433957,23.9453848290002,25.8105603575708,25.591184268462268,25.1912171932536,24.81887279469569,683.4374989268615,829.5193523144502,2758.8593970616,115.62500000000004,140.33935109203384,466.74804687500006,R16
2.0489949291302945,14.622488753057103,0.2122118896689054,0.5936533926423189,130.5596022280038,274.1604106481008,-23.859904614777857,0.9183969776510652,1.876414768676132,1.9734045070090065,2.0582323008524086,367365518575.5123,-0.0703612704912595,-0.0227605432340813,3.129938791558115,2,-0.0323870850991692,1.1946429058130614,0.1727807085097676,0.0720363750466468,30.89445121917494,0.9502000782912784,0.0788912321825612,1.2269367393278965,9.302661841587556,1.2500198202603163,-0.5219345342033955,16.27463763654792,24.83686576903976,24.572284620090503,24.442446761750983,24.06695812644129,25.344993480520383,24.93209582433306,24.79964637096565,24.67243573853525,2442.7972355868155,4184.910444038739,5763.780077367091,97.65625,167.3010983461684,230.419921875,R16
4.080083300645838,13.176899420313513,1.075232654697038,0.6328549626706674,207.58621658569973,274.5934399399962,-23.75709926545944,0.4329495245342616,0.792396070941483,0.7662243540271714,1.8006611395141188,365152492750.3289,0.0458015541314849,0.052707788819629,2.227700080027392,2,0.3713956470470285,-0.7848299765805051,-0.09655659181107,-0.0246461237998207,40.45125123076067,0.8000305255358148,0.1572766645213439,0.2175842694734858,8.661054106319774,0.480973456432929,-0.691521569270567,22.555934748969428,25.934864323514176,25.64241718598672,25.29589337559097,25.164464613439733,26.200859257797006,25.96440291275377,25.918706949528364,25.829860661446663,462.4427442956902,508.5715187364848,1043.4102300241618,94.92187500000004,104.39035475318772,214.17236328125,R16
19.672069425343693,13.522992954448773,0.2425498724172052,0.3810788314815614,68.21451919357285,234.9420722554229,-23.020318373889463,0.6262372653143167,0.8618024180691087,0.9148804176726046,1.9147842371947377,137085200227.38046,0.0692591498884522,-0.0864662111792319,0.5787898784009737,2,-1.0987782011258225,1.2354157229966245,-0.1896225027445908,-0.1377898054567339,174.82298373717575,0.8146830882143056,0.5354076165688442,1.5880476094656075,9.701707,0.11736723,-0.0920002882911784,17.47960835473444,23.34479364012186,22.655273604017943,22.378638841961823,22.175407195598588,24.874953108862226,23.6771861056703,23.09138087147274,22.942606816255186,293.6922578636121,277.60742345525176,1121.8814803313526,171.87500000000003,162.4618103774776,656.5490722656251,R17
2.32760206882334,8.689975472425454,0.6135629215016788,0.9252523175844004,281.99375982684256,288.3507205809623,-24.030039574757915,1.037879912280783,0.8513803947457472,0.8548785845332585,1.9522825545038,359703714553.2208,-0.0054647315295639,0.1045473019247518,1.07902841571137,2,-0.447209300173889,-1.296646089985399,-0.0666354036525262,0.0457867567972058,14.295260411353466,0.5573720003068388,0.4313789110054756,0.2067520704803184,9.219545206834804,0.4610805734211262,-0.3277876563695103,19.49580016283548,23.889631213704696,23.227303969976152,23.197456478960472,23.22538575162926,24.27775591652007,24.161908979025945,23.78820658125868,23.39328102346583,448.986782540832,498.6896305092617,1020.1023243304456,226.56250000000003,251.64297437192272,514.752197265625,R17
9.841596422638307,14.090216171837035,0.7945309519777197,0.3544769866185355,102.91653040450976,278.7180508469012,-23.81020923444232,0.6424645351111774,0.7933658552313927,1.000800386982486,2.274541653912292,347063332436.36835,-0.0031956901756466,-0.1040641564078271,1.466493092246201,2,1.2348823342512696,-0.9052086848319396,0.0800007169917904,-0.1002283038185058,162.6491651929777,0.3113972301942067,0.1527108881273439,1.9120582226139544,9.11711756667352,0.8709964096871122,-0.8496849517660783,20.823220046043613,24.07866235631973,23.44307998107865,23.11942424770527,23.20007202697965,24.563218611326576,24.34674339174843,23.99214281136018,23.91360855607644,552.9568564962541,910.6614349753756,1427.7918831476986,84.375,138.95669738669358,217.86499023437497,R17
8.678216928902371,4.605603950359596,1.0118655920246211,0.8017163230860129,102.40903341583927,294.4336716647085,-24.15306415696105,0.6986236124854777,0.9777516885519536,0.9974981617684884,2.0991750453382583,511375615896.2193,0.0518259062198344,0.0002147482796658,2.223387192424284,2,-1.560324841234202,-0.2217676728890602,0.1232089068250452,0.0338867706162537,113.74888024186072,0.6126990376609897,0.1563669803517462,0.8543796364333678,9.36543204606234,0.6046621451223176,-0.5779318,21.780336061737017,24.19038846857867,24.147113437566777,23.85877120281729,23.53198139709304,24.1884317330437,24.1673439669284,24.29676166185632,24.254416265590507,914.519885931803,1896.3519226527824,1804.3935232347385,143.35937500000006,297.2705466481505,282.85522460937506,R18
8.689649064624131,3.285286136364409,0.2915096356632028,0.6521734326523267,347.07280819930185,237.5843947873875,-23.063454265219768,0.6493512943341911,1.214446599433306,1.213075095246624,1.893577923060648,225526809880.8249,0.0576889457325842,0.0504170775649971,1.6337451284684332,2,-0.0559838599386521,0.365730356722489,-0.0523897769514558,0.2637714802627977,15.91774861795027,0.3794780678756441,0.1462694912721726,1.3237147660318511,10.050668247708812,0.6488029400412257,-0.1608988796772223,17.954434880553784,24.20871767379585,23.647548676078607,23.126668632793265,22.99898567450161,24.27666434214975,24.179952099710817,24.239308385624536,24.18176938215409,1185.7006441680007,2442.4571934406595,3056.3276636876585,142.96875000000003,294.50523923747,368.5241699218751,R18
12.48350718072662,11.935395758904962,0.3644356789757457,0.6046242239730767,281.9299646674136,212.34455206643253,-22.536927132272787,0.6627437884504525,0.9516298973488247,0.9832172223997608,1.9948411381394824,163854604398.83362,-0.0086647699692041,0.0792405029476735,2.120217927003184,2,0.135811202498906,0.4972974780276056,-0.0025695819648063,-0.0807004645085207,18.23426668640177,0.6878350207548842,0.1204367632232319,1.055391303080505,9.388164697430842,0.6783374,-0.0951945535191252,19.14472550853064,25.03838891907636,24.747658247802168,24.22003118233149,23.917278327293086,25.129618000294847,25.077979604442017,25.032139726039265,24.9481669085238,704.7623749249545,1224.710840581437,1875.0645454469004,86.32812500000001,150.0179270294155,229.681396484375,R18
10.791273278873554,13.67539128324344,0.1864058879092618,0.7443433315591121,68.58241944273492,192.7786069473462,-22.233282840207497,0.9382834975979254,0.7204556475758329,0.686008873375842,1.7084144343390573,63005732453.31081,-0.1011215011680914,-0.060828281743016,0.6424925635373562,2,1.3630962276087597,-0.285745987523943,-0.0106231987910376,0.1240704625855793,16.8576926650487,0.780406586355191,0.2499188416747988,0.3164159410987471,8.437497496311659,-0.4845795208745471,-0.387682,17.562714830720882,24.61077203590684,24.27287244214196,24.19182511806902,24.152473585985884,25.29093542684029,24.86976910087005,24.432752507611564,24.199487568813893,467.4953095327368,889.9938442472397,932.5110711221377,170.31250000000003,324.23229390228505,339.72167968750006,R18
13.537740194854816,10.2006880723776,0.5990394802892496,0.6365555164312438,313.0709200284017,205.8081901724429,-22.44064233053632,0.4990169398109947,0.731791665954824,0.7693845207112823,2.107290181274558,155789884384.6163,-0.1058626865464675,0.0096569376863289,2.248296563212313,2,1.7124009698564655,0.5780659701840556,0.0088107704452333,0.0806590371170035,130.12263949644887,0.7947880910698291,0.1474521247610359,0.5473623835627428,8.604961943539028,0.7618212741229665,-0.7641168214191756,20.988921896700777,25.343701434662805,25.213627194993563,24.96946403571652,24.79432683438124,25.438554108004404,25.37946987395282,25.337340376248555,25.29889987176048,401.5306208120894,714.2348314856168,813.0931376866635,76.95312500000001,136.88271682868324,155.828857421875,R18
11.351367881348706,3.4963417273758832,0.5922029056902997,0.7988352383160168,89.12917563152821,212.27176392232047,-22.50154006428324,0.407429379859939,0.8360238255946587,0.8014218912002536,1.6887882264895355,188328874882.40097,0.0105580125701467,-0.0838945412258461,2.792634930355963,2,1.6521061850695855,0.8048372628554656,0.1345359982354743,0.0006775804857195,81.15867341518252,0.8153438414211603,0.1579346252714122,0.7978675533090617,8.519391702326692,0.0843320620817621,-1.0390802483484838,20.882231609340675,25.912614870611502,26.419369507782104,26.430833899605148,26.42778371648709,25.47748834448458,25.82261603495356,25.998018843130865,26.16926457796597,380.5792538319269,694.5962964419626,704.5423881973202,75.00000000000001,136.88271682868324,138.8427734375,R18
8.196801105235515,6.838069164631003,0.2621577621795626,0.6332991415760485,263.54081871910097,228.1330252472385,-22.978877353036047,0.7520032484674262,1.2315796699816466,1.2491622127617823,1.94157988818804,195546681566.1192,0.0413447286247863,-0.0268977425068002,2.572978121023962,2,-0.9490865196991664,0.9029208557684774,0.0730807465195493,-0.0502765624872392,10.0989407558367,0.2102152785373253,0.168223830534942,0.3281092110822927,9.682277456095964,1.0177423833638817,-0.8009476710270322,17.738399469718196,25.35184037830109,24.938639574340566,24.56672046407916,23.971442952677823,25.88135751838661,25.4506026974431,25.27740597268629,25.144234966838795,751.2614761082131,1134.5065832777505,1820.6850879717144,101.171875,152.78323444009595,245.19042968750003,R19
2.657900720487547,15.244004557253028,0.9455360867765618,0.7082026208046015,290.45920435830305,245.46593512309232,-23.285610968704862,0.492274271618399,0.7133503253029413,0.7164239598183948,1.917744828842048,255057411917.5479,0.0941282825954416,-0.0338391435730362,2.150921507366337,2,-0.7283717270099678,1.9112285063876453,0.0288039463960387,0.0084425391741582,140.84006533318458,0.3447222661502643,0.2273037531056118,2.094662187525958,9.485497,1.4347012354814168,-0.3525788379191963,22.244491202022267,23.683892552382645,23.27755818170634,22.9214929857646,22.53727220097143,24.017654819198253,23.78732545918707,23.60138314088308,23.44586871526488,443.226818620332,865.0424662023531,1180.149116401975,140.62499999999997,274.4567605100366,374.4323730468749,R19
18.796840971347105,1.050207415444687,0.7051146857263364,0.7018917850075876,104.69745774487384,272.6313669681132,-23.85378917493968,0.5117143658361051,1.339475858921103,1.3925512567771,2.113941893516795,536572018343.5687,-0.0312885193011653,-0.0342913354642924,3.4462754205014177,2,-0.192707456136584,1.941774313254776,-0.0203414808281454,-0.1270944866813117,137.68044073859113,0.1101984256534639,0.1050308778113826,1.20451364428233,9.764588950824832,1.3210223574750308,-0.6725628960910462,20.24904581072572,25.216580234545443,24.97416368480928,24.78723812110714,24.39345444660985,26.259241017491743,25.254078970017417,25.150018588493435,25.0648789742782,1408.7149809247046,2337.3179857726086,2888.561652349915,106.25000000000004,176.28834743087992,217.86499023437503,R19
12.863109802570335,11.233069045994403,1.0303059239898005,0.8016161874231893,339.98442377143306,342.4993823408281,-25.057320403691445,0.8054270780937891,1.6315268634872293,1.642164174173649,1.964914647113668,1159314831755.6433,-0.0300165286565982,0.0199622137187707,3.2042693500447617,2,1.1121279397752883,0.5098638355404048,0.0235916324108131,-0.0455853916914161,56.15291563992342,0.7360881299770131,0.2236555032329752,1.2614479207724796,9.273923947366251,1.4500439850849642,-0.245784556951378,20.98769942672172,24.295331329945807,24.243108177209088,24.246866389078072,23.84535186864851,25.02775933840992,24.31754672259414,24.28536111226692,24.284360238463137,1990.4739103542493,3187.719171119923,4316.338372426149,271.09375000000006,434.1532634768336,587.8662109375,R19
8.613839348075816,9.069234766395205,0.5059642138743919,0.6428698035020582,216.4704744379245,301.51885646526125,-24.338231530565483,0.8576436624732091,1.6768473842966154,1.7581460300877436,2.0985049512571665,704830236010.5929,0.0239993432348851,-0.0020722755831775,2.0975519922406267,2,-0.4560595369673271,-0.6302858567288666,0.3259236714212798,-0.110071861503469,40.10735696628085,0.5818954903270486,0.3584934299236016,2.722907236990612,10.343582370241869,1.2532562197831507,-0.1258165467285847,18.448957456775048,24.63073168870058,24.17303282036733,23.5037904160422,23.15763714252895,24.79180809421537,24.710156006096383,24.560416892193807,24.42418538267248,373.5669009725779,325.4830693279607,2741.7954670180457,76.17187500000003,66.36737785633127,559.063720703125,R20
12.575510779410346,8.73832787207522,0.3149603192929628,0.7598126170377918,221.4353744025574,248.96202601429115,-23.17135669680712,1.0355601464017583,1.4281456763014664,1.4572695113235437,2.044582036906614,307134413298.662,0.0742441826434751,-0.1353534667733107,2.8959680718187792,2,-0.0651237310906043,-0.284182600638044,-0.2434811907476408,-0.2623135180982006,39.6621449634291,0.5273206386368453,0.1219190499183118,0.7594709885829728,8.61802697487556,0.9050286860751112,-0.6608455949379242,18.070706684686247,25.40547978459596,25.25118836944923,25.10448757194368,24.563564790031016,25.70927071861087,25.457914832077982,25.33743226929893,25.32581168230906,863.7738901328429,1446.071556908673,2180.3724877027257,72.26562500000001,120.98219921727052,182.415771484375,R20
0.3810664682407849,5.27156732969584,0.6816754033007159,0.6610815217350487,175.66616693991224,266.2735728656262,-23.73507267907229,0.4968683194506419,0.8544980181041268,0.7566065336660107,1.6196392629171663,322121748175.4429,0.0336667133111728,-0.0302082701864488,1.424976539638107,2,-0.0630879637927589,0.4564100377183492,0.1491975109941368,-0.0399327755904233,29.38416128122113,0.5623305532191993,0.2204223213350079,1.5175836670907303,10.202155,-4.0,0.0079008484961275,20.22286957957517,23.515690965844275,22.13652269800705,21.8193783353686,21.64724826252528,25.080813580463737,24.037718234217888,23.35721830503626,22.5512513844817,874.2228344932024,2024.1699485026231,2560.3616900741526,254.68750000000003,589.70180532761,745.9106445312499,R20
18.566678154479444,4.551417120303997,0.8529275324771275,0.9303021043568191,63.23649319592103,439.7870267293874,-27.00872042822308,0.9464218038160616,2.034212800891252,2.0566913214539286,2.244114433009559,2267226484265.298,0.0149186790192925,0.1454502224899271,1.645329120479043,2,0.1255829197435135,-0.1782645840945288,-0.1856862296181427,-0.0879401076668839,110.93175961225126,0.2151668940651087,0.1387015794060727,6.421151624558729,9.491407415531464,0.7135391451825175,-0.1112419050282715,17.963124510342748,24.388455703460888,23.629690746080104,23.471878301678668,23.46904524560063,24.45549952007733,24.34999321345175,24.389257722097632,24.199099094588988,1743.4690384624244,2757.5501231260346,5979.237203854782,117.57812500000004,185.9669233682616,403.23486328125006,R20
19.801733468691022,9.216719705434103,0.5473178303711316,0.3764199232967529,180.04961510442405,271.32973343138315,-23.702521442360748,0.7644342451726763,1.3477276212213498,0.926085029410216,1.5628608323575512,477552724518.0817,-0.0245476165895212,-0.0332112565870682,2.323782384084621,2,0.6306425547203937,0.4198826928159397,-0.2092076807679532,-0.0712387237906009,79.93641873300925,0.2515247367196379,0.1158097019468147,1.593603321436148,9.132702156803244,1.372842624557305,-0.818476262617994,19.3764204656951,24.16217243556409,23.87353195840976,23.41565076057474,23.059439517453,24.42982814881262,24.246255576783444,24.09977878212532,23.99790235957027,859.0108479370951,1581.0855847690093,2250.0715398152283,107.421875,197.7194798636536,281.378173828125,R20
2.106245118015422,12.042970229004084,0.762288035386587,0.5735382129611377,54.81863635665546,289.1327181507962,-24.07313900171148,0.7959049463290178,0.9909806563218408,0.8692059116650235,1.656371636738548,459790893331.9815,0.0646663084623423,0.0700570066847019,1.6134402932847272,2,0.439233264584191,0.3817961887542898,-0.025152671342532,-0.0066631669575878,168.48634878666758,0.3373033230007797,0.1468458236488199,0.769411246499175,8.503739139308202,0.2498849015265691,-1.6261584235901252,20.37372419999528,25.162379950524908,24.88883118617485,24.742485961411848,24.886459627006364,25.03149414854012,25.103304279202348,25.2196987357536,25.09990980539899,793.0767653239916,1608.188856276803,1639.2974775225998,133.984375,271.6914530993561,276.94702148437494,R20
9.047482109129776,3.043768907894634,0.3797351836960757,0.7037804748083296,240.0837999627205,167.07808509780233,-21.54699466406792,0.4809681988653184,0.6197402117150806,0.5185806323744928,1.511945640203958,67795083835.95601,0.0482275945627571,-0.0136491011922709,3.1262326811599808,2,1.095094085594027,-1.1544064204985969,0.0542425031195392,-0.0035483031968652,35.51153597597061,0.8784579381504437,0.1708133844744888,1.6755023081011493,9.284957803843351,0.8567647569736357,-1.106686378970833,20.26593934251109,25.587697118079177,25.576575822595704,25.55627936341569,25.21078888212893,25.963965541216364,25.585207263521564,25.607231270571617,25.600357370020923,271.575077521532,356.80155850477723,636.7635073655789,89.45312500000003,117.52556495391995,209.74121093750003,R20
5.49371933998205,13.224908734539552,0.470081495284088,0.9560482812860056,241.40762437877177,188.75543503686,-22.06032289985256,0.6158955884711443,0.7289756606888406,0.7350724998994121,2.2938280471959014,115407159149.15164,-0.0215789209791432,0.1007302917704917,2.837452053390665,2,1.7160710103598842,-1.3668842315357688,0.0312778406454938,-0.0444878450094776,172.38462988589302,0.4387978805789334,0.1657651357849784,0.6915801890542203,9.405483057075129,1.403289271658932,-0.1484071883209242,20.467222677232915,25.163912911966115,24.93349017027375,24.68970022285205,24.101981264085683,25.47722109622724,25.22539604638625,25.14212955044631,25.03622879820491,348.17138402841914,659.1114676688321,749.9596455257671,78.51562499999999,148.63527332407523,169.122314453125,R20
15.131209612893418,3.804275495696704,0.3791224177198342,0.5754495878548695,155.06081942867152,252.2666417798422,-23.462695142628192,1.1683669977689568,1.2508937800267792,1.1372798803576127,1.702902841826515,311639435979.03296,0.0379378411539953,-0.0035233024478749,1.6701416997162557,2,1.7466825548052087,-0.3525896930322089,0.0604876716994162,0.1206062774854022,43.58939471030935,0.6145170895385512,0.3407466204712383,2.075771720900182,10.354587927093789,2.009281977308277,-0.3239267535478426,18.34509106757775,24.964433306756707,23.54369138718137,22.796117580537548,22.369597972724275,26.116615011758505,25.353245168806065,24.797901097576016,24.2296330393043,335.0649166560494,297.65208933691,2915.9896257841,100.390625,89.18116399444513,873.675537109375,R20
11.374068300827451,4.332397341288383,0.4742329622355314,0.5635334408925743,286.3892235876973,191.9200353642958,-22.18387514061796,0.7960354564224829,0.7866675062978683,0.6549346671424936,1.6054645858763137,129377161125.07318,0.0356886538070042,-0.1048217262294787,3.7577171874112167,2,1.8697905630361864,1.6148109036212912,0.0334124606510499,0.0954825873447084,16.128969856263662,0.2434655455441256,0.0938915911033194,1.057974860088995,8.659979497067708,0.838195119128953,-0.7422241550067177,20.373724245025084,25.185371131184592,25.142366644924053,25.155759520120505,25.147138482546705,26.17083606737797,25.17539766881236,25.14992893189218,25.14110773656034,558.5797356928147,969.2833754412422,1009.700991744725,80.07812500000001,138.95669738669358,144.7509765625,R20
